VendorID,tpep_pickup_datetime,tpep_dropoff_datetime,passenger_count,trip_distance,RatecodeID,store_and_fwd_flag,PULocationID,DOLocationID,payment_type,fare_amount,extra,mta_tax,tip_amount,tolls_amount,improvement_surcharge,total_amount,congestion_surcharge
1,2020-01-01 00:28:15,2020-01-01 00:33:03,1,1.20,1,N,238,239,1,6,3,0.5,1.47,0,0.3,11.27,2.5
1,2020-01-01 00:35:39,2020-01-01 00:43:04,1,1.20,1,N,239,238,1,7,3,0.5,1.5,0,0.3,12.3,2.5
1,2020-01-01 00:47:41,2020-01-01 00:53:52,1,.60,1,N,238,238,1,6,3,0.5,1,0,0.3,10.8,2.5
1,2020-01-01 00:55:23,2020-01-01 01:00:14,1,.80,1,N,238,151,1,5.5,0.5,0.5,1.36,0,0.3,8.16,0
2,2020-01-01 00:01:58,2020-01-01 00:04:16,1,.00,1,N,193,193,2,3.5,0.5,0.5,0,0,0.3,4.8,0
2,2020-01-01 00:09:44,2020-01-01 00:10:37,1,.03,1,N,7,193,2,2.5,0.5,0.5,0,0,0.3,3.8,0
2,2020-01-01 00:39:25,2020-01-01 00:39:29,1,.00,1,N,193,193,1,2.5,0.5,0.5,0.01,0,0.3,3.81,0
2,2019-12-18 15:27:49,2019-12-18 15:28:59,1,.00,5,N,193,193,1,0.01,0,0,0,0,0.3,2.81,2.5
2,2019-12-18 15:30:35,2019-12-18 15:31:35,4,.00,1,N,193,193,1,2.5,0.5,0.5,0,0,0.3,6.3,2.5
1,2020-01-01 00:29:01,2020-01-01 00:40:28,2,.70,1,N,246,48,1,8,3,0.5,2.35,0,0.3,14.15,2.5
1,2020-01-01 00:55:11,2020-01-01 01:12:03,2,2.40,1,N,246,79,1,12,3,0.5,1.75,0,0.3,17.55,2.5
1,2020-01-01 00:37:15,2020-01-01 00:51:41,1,.80,1,N,163,161,2,9.5,3,0.5,0,0,0.3,13.3,2.5
1,2020-01-01 00:56:27,2020-01-01 01:21:44,1,3.30,1,N,161,144,1,17,3,0.5,4.15,0,0.3,24.95,2.5
2,2020-01-01 00:21:54,2020-01-01 00:27:31,1,1.07,1,N,43,239,1,6,0.5,0.5,1.96,0,0.3,11.76,2.5
2,2020-01-01 00:38:01,2020-01-01 01:15:21,1,7.76,1,N,143,25,1,28.5,0.5,0.5,4.84,0,0.3,37.14,2.5
1,2020-01-01 00:15:35,2020-01-01 00:27:06,3,1.60,1,N,211,234,2,9,3,0.5,0,0,0.3,12.8,2.5
1,2020-01-01 00:41:20,2020-01-01 00:44:22,1,.50,1,Y,234,90,1,4,3,0.5,1,0,0.3,8.8,2.5
1,2020-01-01 00:56:38,2020-01-01 01:13:34,1,1.70,1,N,246,142,2,11.5,3,0.5,0,0,0.3,15.3,2.5
2,2020-01-01 00:08:21,2020-01-01 00:25:29,1,8.45,1,N,138,216,2,24.5,0.5,0.5,0,0,0.3,25.8,0
1,2020-01-01 00:25:39,2020-01-01 00:27:05,1,.00,1,N,170,162,4,3,3,0.5,0,0,0.3,6.8,2.5
1,2020-01-01 00:28:53,2020-01-01 00:41:59,1,1.50,1,N,170,161,1,9.5,3,0.5,2.65,0,0.3,15.95,2.5
1,2020-01-01 00:49:00,2020-01-01 01:17:42,1,2.90,1,N,161,262,1,19,3,0.5,4.55,0,0.3,27.35,2.5
1,2020-01-01 00:23:54,2020-01-01 00:38:46,1,1.90,1,N,236,162,1,10.5,3,0.5,2.85,0,0.3,17.15,2.5
1,2020-01-01 00:56:12,2020-01-01 01:19:57,1,4.20,1,N,50,261,1,18,3,0.5,4.35,0,0.3,26.15,2.5
1,2020-01-01 00:28:02,2020-01-01 00:35:56,2,1.50,1,N,142,236,1,7.5,3,0.5,2.8,0,0.3,14.1,2.5
1,2020-01-01 00:48:23,2020-01-01 00:53:58,1,.60,1,N,237,141,1,5.5,3,0.5,1.85,0,0.3,11.15,2.5
2,2020-01-01 00:13:53,2020-01-01 00:40:35,1,5.73,1,N,246,112,2,21,0.5,0.5,0,6.12,0.3,30.92,2.5
2,2020-01-01 00:19:13,2020-01-01 00:28:54,1,2.12,1,N,24,236,1,9,0.5,0.5,0,0,0.3,12.8,2.5
2,2020-01-01 00:31:25,2020-01-01 00:37:16,2,.93,1,N,236,262,1,5.5,0.5,0.5,2.32,0,0.3,11.62,2.5
1,2020-01-01 00:29:04,2020-01-01 01:03:27,2,5.70,1,N,234,238,1,25.5,3,0.5,5.85,0,0.3,35.15,2.5
1,2020-01-01 00:03:02,2020-01-01 00:09:22,1,1.20,1,N,232,79,2,6.5,3,0.5,0,0,0.3,10.3,2.5
1,2020-01-01 00:22:24,2020-01-01 00:33:24,1,1.30,1,N,79,233,1,8.5,3,0.5,1.7,0,0.3,14,2.5
1,2020-01-01 00:47:27,2020-01-01 00:55:40,1,.70,1,N,233,170,1,6.5,3,0.5,2.05,0,0.3,12.35,2.5
1,2020-01-01 00:57:44,2020-01-01 01:00:49,1,.40,1,N,170,107,1,4,3,0.5,1.55,0,0.3,9.35,2.5
1,2020-01-01 00:28:44,2020-01-01 00:43:40,2,3.90,1,N,148,49,1,14.5,3,0.5,3.7,0,0.3,22,2.5
1,2020-01-01 00:04:28,2020-01-01 00:17:36,1,3.30,1,N,144,229,1,12,3,0.5,3.15,0,0.3,18.95,2.5
1,2020-01-01 00:19:19,2020-01-01 00:34:22,1,1.70,1,N,229,142,2,11,3,0.5,0,0,0.3,14.8,2.5
1,2020-01-01 00:37:35,2020-01-01 00:40:31,1,.60,1,N,142,239,1,4.5,3,0.5,2.45,0,0.3,10.75,2.5
1,2020-01-01 00:43:08,2020-01-01 00:54:30,1,2.30,1,N,239,41,1,10,3,0.5,2.75,0,0.3,16.55,2.5
1,2020-01-01 00:55:29,2020-01-01 01:06:22,1,1.50,1,N,41,74,1,9,0.5,0.5,2.05,0,0.3,12.35,0
2,2020-01-01 00:22:33,2020-01-01 00:28:01,2,.81,1,N,239,142,2,5.5,0.5,0.5,0,0,0.3,9.3,2.5
2,2020-01-01 00:30:11,2020-01-01 01:31:29,1,.80,1,N,48,68,2,18.5,1.3,0.5,0,0,0,22.8,2.5
1,2020-01-01 00:54:57,2020-01-01 00:58:50,6,.90,1,N,95,95,2,5,0.5,0.5,0,0,0.3,6.3,0
1,2020-01-01 00:23:37,2020-01-01 00:26:18,1,.90,1,N,229,140,1,4.5,3,0.5,1.65,0,0.3,9.95,2.5
1,2020-01-01 00:33:33,2020-01-01 00:36:20,2,.60,1,N,141,140,1,4.5,3,0.5,1.65,0,0.3,9.95,2.5
1,2020-01-01 00:43:56,2020-01-01 00:46:24,1,.70,1,N,141,141,1,4.5,3,0.5,1,0,0.3,9.3,2.5
1,2020-01-01 00:58:34,2020-01-01 01:07:17,1,1.10,1,N,233,229,1,7,3,0.5,2.15,0,0.3,12.95,2.5
2,2020-01-01 00:31:20,2020-01-01 00:47:31,2,2.77,1,N,144,68,1,12.5,0.5,0.5,3.26,0,0.3,19.56,2.5
2,2020-01-01 00:50:58,2020-01-01 01:06:09,1,1.39,1,N,246,48,2,10,0.5,0.5,0,0,0.3,13.8,2.5
2,2020-01-01 00:12:40,2020-01-01 00:18:07,1,.69,1,N,79,79,1,5.5,0.5,0.5,2.32,0,0.3,11.62,2.5
2,2020-01-01 00:43:33,2020-01-01 01:21:12,1,3.23,1,N,237,48,2,22.5,0.5,0.5,0,0,0.3,26.3,2.5
2,2020-01-01 00:05:31,2020-01-01 00:25:18,3,3.36,1,N,237,107,1,15,0.5,0.5,3.76,0,0.3,22.56,2.5
2,2020-01-01 00:42:23,2020-01-01 00:47:08,4,.66,1,N,234,90,1,5,0.5,0.5,1.76,0,0.3,10.56,2.5
2,2020-01-01 00:51:18,2020-01-01 01:04:08,2,2.00,1,N,90,148,1,10,0.5,0.5,2.76,0,0.3,16.56,2.5
1,2020-01-01 00:33:31,2020-01-01 00:59:47,1,8.70,1,N,166,213,2,28,0.5,0.5,0,0,0.3,29.3,0
1,2020-01-01 00:26:44,2020-01-01 00:48:11,1,2.40,1,N,249,100,1,14.5,3,0.5,3.65,0,0.3,21.95,2.5
1,2020-01-01 00:59:30,2020-01-01 01:08:40,1,1.00,1,N,234,137,1,7,3,0.5,2.15,0,0.3,12.95,2.5
1,2020-01-01 00:20:02,2020-01-01 00:26:23,1,1.30,1,N,87,148,1,6.5,3,0.5,2,0,0.3,12.3,2.5
1,2020-01-01 00:30:08,2020-01-01 00:43:24,1,2.00,1,N,148,170,1,10.5,3,0.5,1,0,0.3,15.3,2.5
1,2020-01-01 00:55:41,2020-01-01 01:31:23,2,5.20,1,N,113,239,1,25.5,3,0.5,5.85,0,0.3,35.15,2.5
2,2020-01-01 00:21:24,2020-01-01 00:33:45,1,1.58,1,N,234,162,1,9.5,0.5,0.5,3.99,0,0.3,17.29,2.5
1,2020-01-01 00:28:35,2020-01-01 00:44:47,2,2.10,1,N,43,170,2,11.5,3,0.5,0,0,0.3,15.3,2.5
1,2020-01-01 00:59:54,2020-01-01 01:20:08,2,3.30,1,N,234,263,1,15,3,0.5,3.75,0,0.3,22.55,2.5
2,2020-01-01 00:20:37,2020-01-01 00:26:18,3,1.18,1,N,237,239,2,6,0.5,0.5,0,0,0.3,9.8,2.5
2,2020-01-01 00:29:55,2020-01-01 00:48:40,3,2.42,1,N,239,229,1,13,0.5,0.5,3.36,0,0.3,20.16,2.5
2,2020-01-01 00:50:47,2020-01-01 01:08:23,2,3.23,1,N,229,239,1,13.5,0.5,0.5,0,0,0.3,17.3,2.5
1,2020-01-01 00:27:00,2020-01-01 00:49:22,2,2.30,1,N,161,79,2,15,3,0.5,0,0,0.3,18.8,2.5
1,2020-01-01 00:53:50,2020-01-01 01:04:39,3,1.30,1,N,107,170,2,8.5,3,0.5,0,0,0.3,12.3,2.5
2,2020-01-01 00:09:11,2020-01-01 00:28:51,1,7.10,1,N,166,248,2,22,0.5,0.5,0,0,0.3,23.3,0
2,2020-01-01 00:42:15,2020-01-01 01:16:20,1,14.52,1,N,185,226,1,41,0.5,0.5,8.46,0,0.3,52.71,0
2,2020-01-01 00:15:13,2020-01-01 00:26:52,1,2.09,1,N,162,142,2,10,0.5,0.5,0,0,0.3,13.8,2.5
2,2020-01-01 00:28:39,2020-01-01 00:54:21,1,4.82,1,N,142,7,1,20.5,0.5,0.5,4.86,0,0.3,29.16,2.5
2,2020-01-01 00:13:16,2020-01-01 00:17:45,2,1.31,1,N,236,237,1,6,0.5,0.5,1.96,0,0.3,11.76,2.5
2,2020-01-01 00:20:03,2020-01-01 00:29:43,2,3.32,1,N,237,42,2,11,0.5,0.5,0,0,0.3,14.8,2.5
2,2020-01-01 00:39:11,2020-01-01 01:00:00,1,2.80,1,N,236,162,2,15,0.5,0.5,0,0,0.3,18.8,2.5
2,2020-01-01 00:35:13,2020-01-01 00:54:55,2,4.55,1,N,189,80,1,17.5,0.5,0.5,0,0,0.3,18.8,0
2,2020-01-01 00:08:40,2020-01-01 00:21:20,2,1.75,1,N,211,107,2,10,0.5,0.5,0,0,0.3,13.8,2.5
2,2020-01-01 00:30:10,2020-01-01 00:38:35,2,1.12,1,N,162,170,1,7,0.5,0.5,2.16,0,0.3,12.96,2.5
2,2020-01-01 00:53:35,2020-01-01 01:12:18,2,4.07,1,N,79,262,1,15.5,0.5,0.5,4.82,0,0.3,24.12,2.5
2,2020-01-01 00:13:26,2020-01-01 00:16:52,1,1.17,1,N,142,238,1,5.5,0.5,0.5,1,0,0.3,10.3,2.5
2,2020-01-01 00:20:28,2020-01-01 00:24:30,1,1.35,1,N,239,24,1,6,0.5,0.5,2.45,0,0.3,12.25,2.5
2,2020-01-01 00:25:53,2020-01-01 00:35:45,1,5.19,1,N,24,243,2,16,0.5,0.5,0,0,0.3,17.3,0
2,2020-01-01 00:11:46,2020-01-01 00:17:54,1,.50,1,N,211,231,1,5.5,0.5,0.5,1.86,0,0.3,11.16,2.5
2,2020-01-01 00:22:30,2020-01-01 00:43:08,1,3.46,1,N,211,246,2,15,0.5,0.5,0,0,0.3,18.8,2.5
2,2020-01-01 00:44:37,2020-01-01 01:46:33,1,6.70,1,N,50,7,1,38.5,0.5,0.5,8.46,0,0.3,50.76,2.5
1,2020-01-01 00:08:54,2020-01-01 00:24:20,4,3.50,1,N,234,140,1,13.5,3,0.5,3.46,0,0.3,20.76,2.5
1,2020-01-01 00:26:50,2020-01-01 00:38:36,1,3.60,1,N,140,41,2,12.5,3,0.5,0,0,0.3,16.3,2.5
1,2020-01-01 00:58:36,2020-01-01 01:04:38,2,1.30,1,N,262,140,1,7,3,0.5,2.15,0,0.3,12.95,2.5
2,2020-01-01 00:02:15,2020-01-01 00:13:28,1,6.46,1,N,142,244,1,19,0.5,0.5,2.28,0,0.3,25.08,2.5
2,2020-01-01 00:24:45,2020-01-01 00:32:07,1,1.25,1,N,166,238,1,7.5,0.5,0.5,2.83,0,0.3,14.13,2.5
2,2020-01-01 00:37:17,2020-01-01 00:39:44,1,.51,1,N,239,239,1,4,0.5,0.5,1.17,0,0.3,8.97,2.5
2,2020-01-01 00:41:18,2020-01-01 01:25:00,1,2.43,1,N,239,186,2,25.5,0.5,0.5,0,0,0.3,29.3,2.5
2,2020-01-01 00:12:19,2020-01-01 00:18:54,2,1.40,1,N,263,140,1,6.5,0.5,0.5,2.06,0,0.3,12.36,2.5
2,2020-01-01 00:21:22,2020-01-01 00:35:22,2,2.67,1,N,140,143,2,12,0.5,0.5,0,0,0.3,15.8,2.5
2,2020-01-01 00:37:27,2020-01-01 00:50:39,2,2.33,1,N,143,236,1,11,0.5,0.5,2,0,0.3,16.8,2.5
2,2020-01-01 00:53:56,2020-01-01 01:13:51,1,3.75,1,N,236,107,1,15.5,0.5,0.5,2,0,0.3,21.3,2.5
1,2020-01-01 00:14:05,2020-01-01 00:40:50,2,2.10,1,N,48,107,1,16.5,3,0.5,4.05,0,0.3,24.35,2.5
2,2020-01-01 00:14:44,2020-01-01 00:23:35,1,1.78,1,N,161,141,2,8,0.5,0.5,0,0,0.3,11.8,2.5
2,2020-01-01 00:25:31,2020-01-01 00:38:12,1,3.16,1,N,141,224,2,11.5,0.5,0.5,0,0,0.3,15.3,2.5
2,2020-01-01 00:41:28,2020-01-01 00:54:20,1,3.37,1,N,107,263,1,12,0.5,0.5,2.1,0,0.3,17.9,2.5
1,2020-01-01 00:18:14,2020-01-01 00:21:58,2,.60,1,N,142,143,1,5,3,0.5,2.6,0,0.3,11.4,2.5
1,2020-01-01 00:25:49,2020-01-01 00:29:42,2,.80,1,N,239,151,1,5,3,0.5,2,0,0.3,10.8,2.5
1,2020-01-01 00:35:03,2020-01-01 00:53:06,1,3.00,1,N,238,229,1,14,3,0.5,3.55,0,0.3,21.35,2.5
1,2020-01-01 00:56:39,2020-01-01 01:21:13,2,3.80,1,N,229,45,4,16.5,3,0.5,0,0,0.3,20.3,2.5
2,2020-01-01 00:08:44,2020-01-01 00:19:57,2,2.64,1,N,151,262,1,11,0.5,0.5,2.96,0,0.3,17.76,2.5
2,2020-01-01 00:21:23,2020-01-01 00:36:23,3,2.83,1,N,262,161,2,12.5,0.5,0.5,0,0,0.3,16.3,2.5
2,2020-01-01 00:46:08,2020-01-01 00:56:59,3,.55,1,N,162,161,1,8,0.5,0.5,2.36,0,0.3,14.16,2.5
2,2020-01-01 00:58:31,2020-01-01 01:09:45,1,2.18,1,N,161,262,1,9.5,0.5,0.5,2.39,0,0.3,15.69,2.5
2,2020-01-01 00:08:27,2020-01-01 00:13:52,3,1.10,1,N,148,231,2,6,0.5,0.5,0,0,0.3,9.8,2.5
2,2020-01-01 00:16:16,2020-01-01 00:30:41,2,1.89,1,N,231,79,1,11,0.5,0.5,1,0,0.3,15.8,2.5
2,2020-01-01 00:43:50,2020-01-01 00:59:52,1,3.17,1,N,262,151,1,14,0.5,0.5,3.56,0,0.3,21.36,2.5
2,2020-01-01 00:12:28,2020-01-01 00:21:11,1,1.50,1,N,40,65,1,7.5,0.5,0.5,1.76,0,0.3,10.56,0
2,2020-01-01 00:36:33,2020-01-01 00:53:23,1,6.43,1,N,261,170,1,20.5,0.5,0.5,4.86,0,0.3,29.16,2.5
2,2020-01-01 00:55:51,2020-01-01 01:02:28,1,.83,1,N,170,170,1,6,0.5,0.5,1.96,0,0.3,11.76,2.5
1,2020-01-01 00:14:06,2020-01-01 00:22:53,3,1.50,1,N,148,107,1,8,3,0.5,2.35,0,0.3,14.15,2.5
1,2020-01-01 00:30:20,2020-01-01 00:54:21,2,8.00,1,N,137,181,2,25.5,3,0.5,0,0,0.3,29.3,2.5
1,2020-01-01 00:19:32,2020-01-01 00:26:03,1,1.40,1,N,43,236,1,7,3,0.5,2.7,0,0.3,13.5,2.5
1,2020-01-01 00:29:14,2020-01-01 00:52:47,1,4.70,1,N,236,79,1,18,3,0.5,6.5,0,0.3,28.3,2.5
2,2020-01-01 00:05:56,2020-01-01 00:25:52,2,2.95,1,N,87,158,2,13.5,0.5,0.5,0,0,0.3,17.3,2.5
2,2020-01-01 00:29:09,2020-01-01 00:59:04,3,5.25,1,N,158,236,1,22.5,0.5,0.5,5.26,0,0.3,31.56,2.5
1,2020-01-01 00:16:44,2020-01-01 00:18:51,1,.50,1,N,170,107,3,3.5,3,0.5,0,0,0.3,7.3,2.5
1,2020-01-01 00:53:38,2020-01-01 01:04:20,1,1.40,1,N,234,107,1,8.5,3,0.5,0,0,0.3,12.3,2.5
1,2020-01-01 00:31:16,2020-01-01 01:05:43,1,9.90,1,N,231,82,2,33,2.5,0.5,0,0,0.3,36.3,2.5
1,2020-01-01 00:42:55,2020-01-01 01:07:31,2,3.90,1,N,151,229,2,18,3,0.5,0,0,0.3,21.8,2.5
2,2020-01-01 00:12:38,2020-01-01 00:19:11,1,1.26,1,N,166,238,2,6.5,0.5,0.5,0,0,0.3,10.3,2.5
2,2020-01-01 00:21:28,2020-01-01 00:27:29,4,1.48,1,N,238,24,2,6.5,0.5,0.5,0,0,0.3,10.3,2.5
2,2020-01-01 00:29:32,2020-01-01 00:46:42,1,3.28,1,N,166,262,2,14.5,0.5,0.5,0,0,0.3,18.3,2.5
2,2020-01-01 00:21:32,2020-01-01 00:30:20,1,1.61,1,N,181,49,1,8,0.5,0.5,1.86,0,0.3,11.16,0
2,2020-01-01 00:47:40,2020-01-01 01:09:23,1,3.23,1,N,144,232,1,16,0.5,0.5,0,0,0.3,19.8,2.5
2,2020-01-01 00:27:25,2020-01-01 00:37:34,3,1.88,1,N,239,237,1,9,0.5,0.5,2.56,0,0.3,15.36,2.5
2,2020-01-01 00:52:06,2020-01-01 01:01:48,1,2.26,1,N,237,75,2,9.5,0.5,0.5,0,0,0.3,13.3,2.5
2,2020-01-01 00:53:21,2020-01-01 01:16:14,1,12.92,1,N,132,265,1,36,0.5,0.5,7.46,0,0.3,44.76,0
2,2020-01-01 00:13:58,2020-01-01 00:32:39,2,7.76,1,N,138,151,1,24,0.5,0.5,6.28,6.12,0.3,37.7,0
2,2020-01-01 00:36:37,2020-01-01 00:44:04,1,1.33,1,N,43,239,2,7.5,0.5,0.5,0,0,0.3,11.3,2.5
2,2020-01-01 00:46:55,2020-01-01 00:51:55,3,.71,1,N,239,238,1,5.5,0.5,0.5,1.3,0,0.3,10.6,2.5
2,2020-01-01 00:52:41,2020-01-01 01:08:48,2,2.31,1,N,238,141,1,12.5,0.5,0.5,3.26,0,0.3,19.56,2.5
2,2020-01-01 00:03:46,2020-01-01 00:14:47,1,2.89,1,N,229,145,1,11.5,0.5,0.5,3.06,0,0.3,18.36,2.5
2,2020-01-01 00:42:07,2020-01-01 00:49:28,1,1.06,1,N,161,137,1,6.5,0.5,0.5,4,0,0.3,14.3,2.5
2,2020-01-01 00:17:41,2020-01-01 00:28:27,1,2.11,1,N,140,236,1,10,0.5,0.5,2.07,0,0.3,15.87,2.5
2,2020-01-01 00:32:56,2020-01-01 00:41:19,1,1.52,1,N,236,43,1,8.5,0.5,0.5,1,0,0.3,13.3,2.5
2,2020-01-01 00:44:51,2020-01-01 00:53:30,1,1.97,1,N,163,75,2,8.5,0.5,0.5,0,0,0.3,12.3,2.5
2,2020-01-01 00:05:05,2020-01-01 00:14:54,1,2.29,1,N,236,162,1,9,0.5,0.5,1,0,0.3,13.8,2.5
2,2020-01-01 00:25:06,2020-01-01 00:29:07,1,1.62,1,N,229,263,1,6.5,0.5,0.5,2.58,0,0.3,12.88,2.5
2,2020-01-01 00:30:19,2020-01-01 00:33:26,1,.98,1,N,263,141,1,5,0.5,0.5,1.32,0,0.3,10.12,2.5
2,2020-01-01 00:40:24,2020-01-01 00:52:17,1,2.70,1,N,140,238,1,11.5,0.5,0.5,3,0,0.3,18.3,2.5
2,2020-01-01 00:53:10,2020-01-01 01:46:40,1,6.39,1,N,238,211,1,34,0.5,0.5,7.56,0,0.3,45.36,2.5
1,2020-01-01 00:14:09,2020-01-01 00:34:04,3,1.40,1,N,233,186,2,12.5,3,0.5,0,0,0.3,16.3,2.5
1,2020-01-01 00:44:31,2020-01-01 01:11:20,2,5.20,1,N,249,112,1,19,3,0.5,5.75,6.12,0.3,34.67,2.5
2,2020-01-01 00:12:04,2020-01-01 00:16:39,1,.75,1,N,249,125,1,5,0.5,0.5,1.76,0,0.3,10.56,2.5
2,2020-01-01 00:22:52,2020-01-01 00:35:39,1,2.01,1,N,211,137,1,10,0.5,0.5,2.76,0,0.3,16.56,2.5
2,2020-01-01 00:37:00,2020-01-01 00:58:24,1,7.21,1,N,137,158,1,23.5,0.5,0.5,5.46,0,0.3,32.76,2.5
2,2020-01-01 00:41:55,2020-01-01 01:25:10,2,4.26,1,N,68,261,2,27.5,0.5,0.5,0,0,0.3,31.3,2.5
2,2020-01-01 00:43:13,2020-01-01 01:40:35,5,8.60,1,N,68,223,1,39.5,0.5,0.5,5.2,0,0.3,48.5,2.5
1,2020-01-01 00:13:26,2020-01-01 00:42:31,3,2.70,1,N,249,48,1,18,3,0.5,2,0,0.3,23.8,2.5
1,2020-01-01 00:46:09,2020-01-01 01:00:08,1,3.40,1,N,142,41,1,12.5,3,0.5,4.05,0,0.3,20.35,2.5
2,2020-01-01 00:22:59,2020-01-01 00:41:19,1,2.38,1,N,164,79,1,13,0.5,0.5,3.36,0,0.3,20.16,2.5
2,2020-01-01 00:45:05,2020-01-01 01:23:29,1,5.18,1,N,79,143,1,25,0.5,0.5,4.32,0,0.3,33.12,2.5
2,2020-01-01 00:55:36,2020-01-01 01:11:07,1,2.92,1,N,142,41,2,13,0.5,0.5,0,0,0.3,16.8,2.5
2,2020-01-01 00:16:49,2020-01-01 00:37:53,1,3.06,1,N,162,79,2,14.5,0.5,0.5,0,0,0.3,18.3,2.5
2,2020-01-01 00:47:49,2020-01-01 00:52:27,1,.74,1,N,107,137,1,5,0.5,0.5,0.88,0,0.3,9.68,2.5
2,2020-01-01 00:54:28,2020-01-01 00:58:41,1,.60,1,N,170,137,3,-4.5,-0.5,-0.5,0,0,-0.3,-8.3,-2.5
2,2020-01-01 00:54:28,2020-01-01 00:58:41,1,.60,1,N,170,137,2,4.5,0.5,0.5,0,0,0.3,8.3,2.5
2,2020-01-01 00:29:11,2020-01-01 00:46:19,1,3.83,1,N,163,24,1,15.5,0.5,0.5,2,0,0.3,21.3,2.5
2,2020-01-01 00:53:51,2020-01-01 01:12:49,1,5.34,1,N,238,90,2,19,0.5,0.5,0,0,0.3,22.8,2.5
1,2020-01-01 00:08:29,2020-01-01 00:13:20,1,.50,1,N,114,148,1,5,3,0.5,1.75,0,0.3,10.55,2.5
1,2020-01-01 00:16:48,2020-01-01 00:36:07,3,3.90,1,N,148,48,1,16,3,0.5,3.95,0,0.3,23.75,2.5
1,2020-01-01 00:43:27,2020-01-01 00:59:10,1,1.90,1,N,48,143,1,11.5,3,0.5,3.05,0,0.3,18.35,2.5
1,2020-01-01 00:22:28,2020-01-01 00:25:23,1,.60,1,N,68,246,2,4.5,3,0.5,0,0,0.3,8.3,2.5
1,2020-01-01 00:29:45,2020-01-01 00:42:18,2,2.30,1,N,68,125,1,10.5,3,0.5,0,0,0.3,14.3,2.5
1,2020-01-01 00:44:41,2020-01-01 00:50:09,1,1.20,1,N,125,158,1,6,3,0.5,1.96,0,0.3,11.76,2.5
1,2020-01-01 00:50:44,2020-01-01 01:00:04,3,1.70,1,N,158,211,1,8.5,3,0.5,2.45,0,0.3,14.75,2.5
2,2020-01-01 00:21:46,2020-01-01 00:41:56,4,4.55,1,N,229,144,2,18,0.5,0.5,0,0,0.3,21.8,2.5
2,2020-01-01 00:44:03,2020-01-01 00:51:58,3,1.53,1,N,144,113,1,7.5,0.5,0.5,2.82,0,0.3,14.12,2.5
2,2020-01-01 00:54:02,2020-01-01 01:04:38,3,1.35,1,N,113,170,2,8.5,0.5,0.5,0,0,0.3,12.3,2.5
2,2020-01-01 00:17:27,2020-01-01 00:27:08,4,.84,1,N,140,237,1,7.5,0.5,0.5,2.26,0,0.3,13.56,2.5
2,2020-01-01 00:32:54,2020-01-01 00:41:29,4,1.80,1,N,237,75,1,8.5,0.5,0.5,2.46,0,0.3,14.76,2.5
2,2020-01-01 00:43:27,2020-01-01 00:53:36,3,1.49,1,N,75,41,2,8,0.5,0.5,0,0,0.3,9.3,0
2,2020-01-01 00:54:33,2020-01-01 01:12:25,2,1.76,1,N,41,75,2,12.5,0.5,0.5,0,0,0.3,13.8,0
1,2020-01-01 00:34:40,2020-01-01 00:38:08,1,.60,1,N,236,262,1,4.5,3,0.5,1.65,0,0.3,9.95,2.5
1,2020-01-01 00:39:40,2020-01-01 01:03:26,2,13.70,1,N,262,134,1,38.5,3,0.5,12.1,6.12,0.3,60.52,2.5
1,2020-01-01 00:08:37,2020-01-01 00:39:27,2,1.50,1,N,90,161,1,18,3,0.5,3,0,0.3,24.8,2.5
2,2020-01-01 00:15:13,2020-01-01 00:33:57,1,3.57,1,N,68,238,2,15,0.5,0.5,0,0,0.3,18.8,2.5
2,2020-01-01 00:35:21,2020-01-01 00:55:42,1,8.20,1,N,238,220,2,25.5,0.5,0.5,0,2.8,0.3,32.1,2.5
1,2020-01-01 00:22:58,2020-01-01 00:35:46,2,2.10,1,N,161,141,1,10.5,3,0.5,1,0,0.3,15.3,2.5
1,2020-01-01 00:41:52,2020-01-01 00:48:16,2,1.30,1,N,237,262,2,6.5,3,0.5,0,0,0.3,10.3,2.5
1,2020-01-01 00:58:43,2020-01-01 01:12:27,1,4.10,1,N,236,226,2,14,3,0.5,0,0,0.3,17.8,2.5
2,2020-01-01 00:25:39,2020-01-01 00:36:05,1,1.65,1,N,249,148,1,9,0.5,0.5,2.56,0,0.3,15.36,2.5
2,2020-01-01 00:38:20,2020-01-01 00:55:28,3,2.53,1,N,148,170,1,12.5,0.5,0.5,3.26,0,0.3,19.56,2.5
2,2020-01-01 00:59:05,2020-01-01 01:20:51,3,1.92,1,N,170,68,1,14,0.5,0.5,3.56,0,0.3,21.36,2.5
1,2020-01-01 00:44:31,2020-01-01 00:48:46,1,.80,3,N,170,107,1,22.5,0.5,0,4.65,0,0.3,27.95,0
1,2020-01-01 00:11:14,2020-01-01 00:36:19,1,5.20,1,N,231,239,1,21,3,0.5,6.2,0,0.3,31,2.5
1,2020-01-01 00:39:34,2020-01-01 00:43:42,2,.70,1,N,238,151,1,5,3,0.5,1.76,0,0.3,10.56,2.5
1,2020-01-01 00:45:13,2020-01-01 00:52:55,1,1.60,1,N,238,43,2,7.5,3,0.5,0,0,0.3,11.3,2.5
1,2020-01-01 00:54:18,2020-01-01 01:23:46,1,6.60,1,N,43,114,1,25,3,0.5,4,0,0.3,32.8,2.5
1,2020-01-01 00:01:54,2020-01-01 00:26:47,1,2.30,1,N,161,249,1,16.5,3,0.5,4.05,0,0.3,24.35,2.5
1,2020-01-01 00:31:57,2020-01-01 01:00:34,1,4.50,1,N,249,143,1,20.5,3,0.5,4.86,0,0.3,29.16,2.5
2,2020-01-01 00:17:28,2020-01-01 00:37:16,6,2.11,1,N,142,237,2,13.5,0.5,0.5,0,0,0.3,17.3,2.5
2,2020-01-01 00:38:43,2020-01-01 00:54:55,6,2.48,1,N,236,170,1,12,0.5,0.5,3.16,0,0.3,18.96,2.5
2,2020-01-01 00:11:29,2020-01-01 00:20:24,1,1.79,1,N,144,158,1,8,0.5,0.5,2.36,0,0.3,14.16,2.5
2,2020-01-01 00:23:21,2020-01-01 00:34:40,1,1.25,1,N,158,234,1,8.5,0.5,0.5,3.69,0,0.3,15.99,2.5
2,2020-01-01 00:39:10,2020-01-01 00:52:11,2,1.66,1,N,234,211,1,9.5,0.5,0.5,2.66,0,0.3,15.96,2.5
2,2020-01-01 00:53:40,2020-01-01 01:08:02,1,2.32,1,N,114,45,1,11,0.5,0.5,2.96,0,0.3,17.76,2.5
2,2020-01-01 00:13:45,2020-01-01 00:21:24,1,1.27,1,N,231,211,1,7,0.5,0.5,2.16,0,0.3,12.96,2.5
2,2020-01-01 00:27:33,2020-01-01 00:55:36,1,4.83,1,N,113,75,1,20.5,0.5,0.5,6.08,0,0.3,30.38,2.5
2,2020-01-01 00:08:36,2020-01-01 00:20:14,1,2.64,1,N,141,151,2,11,0.5,0.5,0,0,0.3,14.8,2.5
2,2020-01-01 00:22:52,2020-01-01 00:35:46,1,2.68,1,N,151,141,1,11.5,0.5,0.5,3.06,0,0.3,18.36,2.5
2,2020-01-01 00:37:05,2020-01-01 00:48:36,1,1.42,1,N,141,262,2,9,0.5,0.5,0,0,0.3,12.8,2.5
2,2020-01-01 00:57:38,2020-01-01 01:02:31,1,1.24,1,N,141,229,2,6,0.5,0.5,0,0,0.3,9.8,2.5
2,2020-01-01 00:23:11,2020-01-01 00:45:03,1,5.33,1,N,113,255,1,20,0.5,0.5,4.76,0,0.3,28.56,2.5
2,2020-01-01 00:47:40,2020-01-01 01:07:25,1,5.37,1,N,255,233,1,19.5,0.5,0.5,4.66,0,0.3,27.96,2.5
1,2020-01-01 00:40:25,2020-01-01 00:44:29,3,.90,1,N,141,262,1,5,3,0.5,1.75,0,0.3,10.55,2.5
2,2020-01-01 00:28:56,2020-01-01 00:44:28,1,1.35,1,N,113,164,1,10.5,0.5,0.5,2.86,0,0.3,17.16,2.5
2,2020-01-01 00:48:34,2020-01-01 00:55:38,1,.69,1,N,234,113,1,6,0.5,0.5,1.96,0,0.3,11.76,2.5
2,2020-01-01 00:57:21,2020-01-01 01:10:32,1,2.63,1,N,113,229,1,11,0.5,0.5,2.96,0,0.3,17.76,2.5
2,2020-01-01 00:30:50,2020-01-01 00:55:01,1,3.40,1,N,249,233,1,16,0.5,0.5,4.95,0,0.3,24.75,2.5
2,2020-01-01 00:40:58,2020-01-01 00:50:00,1,1.55,1,N,239,237,1,8.5,0.5,0.5,2.46,0,0.3,14.76,2.5
2,2020-01-01 00:01:04,2020-01-01 00:19:37,1,6.72,1,N,75,129,1,21,0.5,0.5,0,0,0.3,24.8,2.5
2,2020-01-01 00:22:20,2020-01-01 00:28:26,1,1.37,1,N,129,226,2,7,0.5,0.5,0,0,0.3,8.3,0
2,2020-01-01 00:46:19,2020-01-01 00:54:47,1,6.32,1,N,132,28,2,18,0.5,0.5,0,0,0.3,19.3,0
2,2020-01-01 00:56:32,2020-01-01 01:13:53,1,11.85,2,N,93,263,1,52,0,0.5,12.28,6.12,0.3,73.7,2.5
2,2020-01-01 00:24:07,2020-01-01 00:27:48,6,.89,1,N,129,260,2,5.5,0.5,0.5,0,0,0.3,6.8,0
2,2020-01-01 00:39:43,2020-01-01 00:45:55,6,1.47,1,N,226,260,2,7,0.5,0.5,0,0,0.3,8.3,0
2,2020-01-01 00:48:29,2020-01-01 00:55:05,6,1.24,1,N,260,129,1,6.5,0.5,0.5,2.34,0,0.3,10.14,0
2,2020-01-01 00:24:13,2020-01-01 00:57:38,1,15.69,1,N,138,153,1,44,0.5,0.5,10.28,6.12,0.3,61.7,0
2,2020-01-01 00:54:09,2020-01-01 01:17:53,1,1.74,1,N,48,137,1,14.5,0.5,0.5,3.66,0,0.3,21.96,2.5
2,2020-01-01 00:07:57,2020-01-01 00:32:35,2,10.05,1,N,138,142,2,30.5,0.5,0.5,0,6.12,0.3,40.42,2.5
2,2020-01-01 00:35:46,2020-01-01 00:56:40,2,2.39,1,N,142,233,1,14.5,0.5,0.5,3.66,0,0.3,21.96,2.5
2,2020-01-01 00:59:39,2020-01-01 01:08:21,1,1.19,1,N,233,234,1,7.5,0.5,0.5,2,0,0.3,13.3,2.5
1,2020-01-01 00:11:24,2020-01-01 00:17:15,2,1.70,1,N,237,236,2,7,3,0.5,0,0,0.3,10.8,2.5
1,2020-01-01 00:25:18,2020-01-01 00:33:43,3,1.60,1,N,43,262,1,8,3,0.5,2.35,0,0.3,14.15,2.5
1,2020-01-01 00:38:02,2020-01-01 00:53:28,1,2.70,1,N,262,170,2,12.5,3,0.5,0,0,0.3,16.3,2.5
1,2020-01-01 00:56:12,2020-01-01 00:59:50,1,.50,1,N,170,137,1,4.5,3,0.5,1,0,0.3,9.3,2.5
1,2020-01-01 00:32:45,2020-01-01 00:36:48,1,.60,1,N,137,107,3,5,3,0.5,0,0,0.3,8.8,2.5
1,2020-01-01 00:39:24,2020-01-01 00:52:40,1,2.90,1,N,107,140,3,12,3,0.5,0,0,0.3,15.8,2.5
2,2020-01-01 00:43:10,2020-01-01 00:57:20,1,2.80,1,N,148,229,1,11.5,0.5,0.5,3.06,0,0.3,18.36,2.5
1,2020-01-01 00:16:41,2020-01-01 00:36:04,2,6.70,1,N,237,87,2,22,3,0.5,0,0,0.3,25.8,2.5
1,2020-01-01 00:38:48,2020-01-01 00:46:09,2,1.80,1,Y,209,66,1,8,3,0.5,2.95,0,0.3,14.75,2.5
1,2020-01-01 00:50:35,2020-01-01 01:01:02,2,2.30,1,N,65,148,2,10,3,0.5,0,0,0.3,13.8,2.5
1,2020-01-01 00:21:13,2020-01-01 00:50:30,1,18.20,2,N,132,116,1,52,0,0.5,0,6.12,0.3,58.92,0
1,2020-01-01 00:56:06,2020-01-01 01:14:25,1,6.00,1,N,116,220,3,19.5,0.5,0.5,0,0,0.3,20.8,0
2,2020-01-01 00:09:12,2020-01-01 00:17:32,2,2.23,1,N,166,239,1,9,0.5,0.5,3.2,0,0.3,16,2.5
2,2020-01-01 00:20:23,2020-01-01 00:23:39,1,.78,1,N,239,239,2,4.5,0.5,0.5,0,0,0.3,8.3,2.5
2,2020-01-01 00:24:09,2020-01-01 00:27:19,1,.78,1,N,239,238,1,4.5,0.5,0.5,1.66,0,0.3,9.96,2.5
2,2020-01-01 00:28:02,2020-01-01 00:59:11,2,7.03,1,N,238,232,1,25.5,0.5,0.5,5.86,0,0.3,35.16,2.5
1,2020-01-01 00:39:22,2020-01-01 00:47:57,2,1.00,1,N,90,79,2,7,3,0.5,0,0,0.3,10.8,2.5
2,2020-01-01 00:29:59,2020-01-01 00:41:57,1,3.42,1,N,43,193,2,12,0.5,0.5,0,0,0.3,15.8,2.5
1,2020-01-01 00:35:14,2020-01-01 00:47:37,1,2.80,1,N,229,113,1,11,3,0.5,2.95,0,0.3,17.75,2.5
1,2020-01-01 00:50:55,2020-01-01 01:43:59,1,13.30,1,N,114,55,2,46.5,3,0.5,0,0,0.3,50.3,2.5
2,2020-01-01 00:09:07,2020-01-01 00:21:03,1,2.52,1,N,50,90,1,10.5,0.5,0.5,2.86,0,0.3,17.16,2.5
2,2020-01-01 00:37:03,2020-01-01 00:48:20,1,1.62,1,N,90,79,1,9,0.5,0.5,2.56,0,0.3,15.36,2.5
2,2020-01-01 00:56:44,2020-01-01 01:09:59,1,2.00,1,N,79,90,1,10.5,0.5,0.5,2.86,0,0.3,17.16,2.5
2,2020-01-01 00:00:36,2020-01-01 00:26:11,1,9.84,1,N,148,159,2,30.5,0.5,0.5,0,0,0.3,34.3,2.5
2,2020-01-01 00:46:24,2020-01-01 00:49:55,1,.79,1,N,141,263,1,5,0.5,0.5,1,0,0.3,9.8,2.5
2,2020-01-01 00:53:33,2020-01-01 01:08:24,1,4.67,1,N,141,4,1,16,0.5,0.5,7.5,0,0.3,27.3,2.5
1,2020-01-01 00:26:39,2020-01-01 00:27:57,1,.50,1,Y,74,74,2,3.5,0.5,0.5,0,0,0.3,4.8,0
1,2020-01-01 00:35:37,2020-01-01 00:45:49,2,2.10,1,N,236,239,1,9.5,3,0.5,2.65,0,0.3,15.95,2.5
1,2020-01-01 00:48:54,2020-01-01 01:12:05,2,5.00,1,N,239,226,1,19,3,0.5,4.55,0,0.3,27.35,2.5
2,2020-01-01 00:07:49,2020-01-01 00:12:54,1,.77,1,N,148,4,1,5.5,0.5,0.5,1.86,0,0.3,11.16,2.5
2,2020-01-01 00:19:34,2020-01-01 00:27:21,1,1.09,1,N,79,249,1,7,0.5,0.5,2.16,0,0.3,12.96,2.5
2,2020-01-01 00:33:46,2020-01-01 00:52:09,1,.24,1,N,234,90,2,11.5,0.5,0.5,0,0,0.3,15.3,2.5
2,2020-01-01 00:29:02,2020-01-01 00:35:51,1,.79,1,N,114,232,1,6,0.5,0.5,1,0,0.3,10.8,2.5
2,2020-01-01 00:48:10,2020-01-01 01:13:41,1,4.12,1,N,114,189,1,19,0.5,0.5,4.56,0,0.3,27.36,2.5
1,2020-01-01 00:30:01,2020-01-01 00:39:06,0,1.40,1,N,234,114,1,7.5,3,0.5,2.25,0,0.3,13.55,2.5
1,2020-01-01 00:40:50,2020-01-01 00:50:05,0,1.50,1,N,114,137,1,8,3,0.5,2.35,0,0.3,14.15,2.5
1,2020-01-01 00:54:17,2020-01-01 01:08:08,0,2.50,1,Y,137,144,2,11.5,3,0.5,0,0,0.3,15.3,2.5
1,2020-01-01 00:28:47,2020-01-01 01:01:37,2,3.70,1,N,107,143,1,20.5,3,0.5,5,0,0.3,29.3,2.5
1,2020-01-01 00:14:18,2020-01-01 00:42:24,1,2.20,1,N,113,161,2,17.5,3,0.5,0,0,0.3,21.3,2.5
1,2020-01-01 00:46:31,2020-01-01 01:11:12,3,1.90,1,N,161,68,2,15.5,3,0.5,0,0,0.3,19.3,2.5
2,2020-01-01 00:35:15,2020-01-01 00:41:53,1,1.79,1,N,236,239,2,8,0.5,0.5,0,0,0.3,11.8,2.5
2,2020-01-01 00:43:19,2020-01-01 00:54:48,1,2.02,1,N,238,263,1,10,0.5,0.5,2.2,0,0.3,16,2.5
2,2020-01-01 00:59:27,2020-01-01 01:18:53,1,3.83,1,N,262,50,2,16,0.5,0.5,0,0,0.3,19.8,2.5
1,2020-01-01 00:33:32,2020-01-01 00:39:18,2,1.40,1,N,141,263,1,6.5,3,0.5,1.55,0,0.3,11.85,2.5
1,2020-01-01 00:51:06,2020-01-01 00:57:10,2,1.80,1,N,263,229,1,7.5,3,0.5,2.8,0,0.3,14.1,2.5
2,2020-01-01 00:50:31,2020-01-01 00:53:45,1,.55,1,N,74,74,2,4,0.5,0.5,0,0,0.3,5.3,0
2,2020-01-01 00:24:47,2020-01-01 00:35:09,1,1.20,1,N,161,170,2,8,0.5,0.5,0,0,0.3,11.8,2.5
2,2020-01-01 00:47:36,2020-01-01 01:13:47,2,2.25,1,N,170,142,1,16,0.5,0.5,2.97,0,0.3,22.77,2.5
2,2020-01-01 00:05:45,2020-01-01 00:19:30,2,2.15,1,N,158,79,1,10.5,0.5,0.5,2.86,0,0.3,17.16,2.5
2,2020-01-01 00:22:35,2020-01-01 00:38:31,1,2.80,1,N,79,13,2,13,0.5,0.5,0,0,0.3,16.8,2.5
2,2020-01-01 00:42:33,2020-01-01 01:03:11,1,7.53,1,N,13,141,1,24,0.5,0.5,6.95,0,0.3,34.75,2.5
1,2020-01-01 00:34:58,2020-01-01 00:45:28,0,2.80,1,N,145,224,2,11,3,0.5,0,6.12,0.3,20.92,2.5
1,2020-01-01 00:46:41,2020-01-01 00:51:14,3,.70,1,N,224,107,1,5,3,0.5,1.75,0,0.3,10.55,2.5
1,2020-01-01 00:55:25,2020-01-01 01:10:34,0,2.60,1,N,137,140,1,11.5,3,0.5,3.05,0,0.3,18.35,2.5
1,2020-01-01 00:12:57,2020-01-01 00:24:06,1,1.80,1,N,90,233,1,9.5,3,0.5,2.65,0,0.3,15.95,2.5
1,2020-01-01 00:52:34,2020-01-01 01:05:28,4,.70,1,N,161,163,2,9,3,0.5,0,0,0.3,12.8,2.5
1,2020-01-01 00:05:04,2020-01-01 00:14:12,1,1.80,1,N,239,262,1,8.5,3,0.5,3.65,0,0.3,15.95,2.5
1,2020-01-01 00:20:49,2020-01-01 00:31:07,1,1.90,1,N,263,238,1,9,3,0.5,3.8,0,0.3,16.6,2.5
1,2020-01-01 00:34:19,2020-01-01 00:43:44,1,1.30,1,N,239,151,1,8,3,0.5,1,0,0.3,12.8,2.5
1,2020-01-01 00:45:58,2020-01-01 00:52:15,1,1.80,1,N,238,142,1,7.5,3,0.5,2.8,0,0.3,14.1,2.5
1,2020-01-01 00:53:24,2020-01-01 01:31:06,1,2.70,1,N,142,170,1,15.5,3,0.5,1,0,0.3,20.3,2.5
1,2020-01-01 00:26:22,2020-01-01 00:33:14,2,.30,1,N,90,90,2,5.5,3,0.5,0,0,0.3,9.3,2.5
1,2020-01-01 00:45:25,2020-01-01 01:12:19,1,5.20,1,N,113,37,1,21.5,3,0.5,0,0,0.3,25.3,2.5
2,2020-01-01 00:30:59,2020-01-01 00:53:36,1,9.93,1,N,132,122,1,30,0.5,0.5,6.26,0,0.3,37.56,0
1,2020-01-01 00:41:48,2020-01-01 01:14:40,3,4.40,1,N,48,144,1,22,3,0.5,5.15,0,0.3,30.95,2.5
2,2020-01-01 00:29:19,2020-01-01 00:39:51,1,1.66,1,N,43,262,2,9,0.5,0.5,0,0,0.3,12.8,2.5
2,2020-01-01 00:43:09,2020-01-01 00:47:52,1,.86,1,N,263,236,1,5.5,0.5,0.5,1.86,0,0.3,11.16,2.5
2,2020-01-01 00:41:47,2020-01-01 00:49:06,1,.53,1,N,234,234,2,6,0.5,0.5,0,0,0.3,9.8,2.5
2,2020-01-01 00:20:53,2020-01-01 00:31:57,1,2.39,1,N,236,143,1,10.5,0.5,0.5,2.86,0,0.3,17.16,2.5
2,2020-01-01 00:33:14,2020-01-01 00:39:03,1,.95,1,N,143,48,1,6.5,0.5,0.5,2.06,0,0.3,12.36,2.5
2,2020-01-01 00:49:04,2020-01-01 00:51:50,1,.40,1,N,143,142,2,4,0.5,0.5,0,0,0.3,7.8,2.5
2,2020-01-01 00:59:46,2020-01-01 01:09:36,1,1.54,1,N,239,238,2,8,0.5,0.5,0,0,0.3,11.8,2.5
2,2020-01-01 00:53:34,2020-01-01 01:15:49,3,1.72,1,N,48,164,2,14,0.5,0.5,0,0,0.3,17.8,2.5
1,2020-01-01 00:23:50,2020-01-01 00:38:12,1,2.80,1,N,234,141,1,12,3,0.5,3.15,0,0.3,18.95,2.5
1,2020-01-01 00:59:55,2020-01-01 01:14:21,1,2.00,1,N,43,262,2,11,3,0.5,0,0,0.3,14.8,2.5
2,2020-01-01 00:46:10,2020-01-01 01:09:35,1,10.91,4,N,132,265,1,45.5,0.5,0.5,9.36,0,0.3,56.16,0
1,2020-01-01 00:16:35,2020-01-01 00:28:36,1,1.90,1,N,68,144,2,9.5,3,0.5,0,0,0.3,13.3,2.5
1,2020-01-01 00:32:03,2020-01-01 00:43:57,2,2.80,1,N,148,256,1,11.5,3,0.5,4.55,0,0.3,19.85,2.5
1,2020-01-01 00:51:19,2020-01-01 01:05:10,1,1.50,1,N,256,225,1,10,0.5,0.5,2.8,0,0.3,14.1,0
1,2020-01-01 00:31:48,2020-01-01 01:09:59,1,5.60,1,N,114,239,1,26,3,0.5,5.95,0,0.3,35.75,2.5
2,2020-01-01 00:26:58,2020-01-01 00:38:12,2,1.63,1,N,90,246,1,9,0.5,0.5,2.56,0,0.3,15.36,2.5
2,2020-01-01 00:42:05,2020-01-01 00:46:30,2,.36,1,N,48,50,1,4.5,0.5,0.5,1.66,0,0.3,9.96,2.5
2,2020-01-01 00:17:34,2020-01-01 00:23:09,4,1.34,1,N,238,151,1,6.5,0.5,0.5,2.58,0,0.3,12.88,2.5
2,2020-01-01 00:28:32,2020-01-01 00:45:33,3,3.50,1,N,238,229,1,14.5,0.5,0.5,3.66,0,0.3,21.96,2.5
1,2020-01-01 00:15:58,2020-01-01 00:26:37,1,4.30,1,N,132,10,1,14.5,0.5,0.5,3.95,0,0.3,19.75,0
1,2020-01-01 00:48:50,2020-01-01 00:59:24,2,4.00,1,N,132,218,2,13.5,0.5,0.5,0,0,0.3,14.8,0
1,2020-01-01 00:20:29,2020-01-01 00:49:26,1,1.90,1,N,43,186,2,17.5,3,0.5,0,0,0.3,21.3,2.5
1,2020-01-01 00:53:44,2020-01-01 01:25:18,1,6.10,1,N,90,112,1,24,3,0.5,5.55,0,0.3,33.35,2.5
2,2020-01-01 00:18:15,2020-01-01 00:23:56,1,1.17,1,N,238,41,2,6,0.5,0.5,0,0,0.3,7.3,0
2,2020-01-01 00:27:47,2020-01-01 00:37:35,1,1.96,1,N,151,74,2,9.5,0.5,0.5,0,0,0.3,10.8,0
2,2020-01-01 00:42:25,2020-01-01 00:53:34,1,2.36,1,N,41,116,2,10,0.5,0.5,0,0,0.3,11.3,0
2,2020-01-01 00:56:15,2020-01-01 01:04:56,1,1.99,1,N,116,166,1,9,0.5,0.5,2.06,0,0.3,12.36,0
2,2020-01-01 00:15:20,2020-01-01 00:29:00,1,3.74,1,N,141,112,1,13.5,0.5,0.5,3.46,0,0.3,20.76,2.5
2,2020-01-01 00:30:34,2020-01-01 00:34:24,1,.65,1,N,112,112,2,4.5,0.5,0.5,0,0,0.3,5.8,0
2,2020-01-01 00:54:05,2020-01-01 00:58:05,1,1.42,1,N,140,263,2,6,0.5,0.5,0,0,0.3,9.8,2.5
2,2020-01-01 00:46:16,2020-01-01 00:49:56,1,.65,1,N,229,229,2,4.5,0.5,0.5,0,0,0.3,8.3,2.5
2,2020-01-01 00:52:45,2020-01-01 01:13:18,1,7.05,1,N,229,116,1,22.5,0.5,0.5,6.58,0,0.3,32.88,2.5
1,2020-01-01 00:17:10,2020-01-01 00:25:50,2,1.20,1,N,237,229,2,7.5,3,0.5,0,0,0.3,11.3,2.5
1,2020-01-01 00:28:32,2020-01-01 00:39:35,2,3.50,1,N,229,179,2,12.5,3,0.5,0,0,0.3,16.3,2.5
1,2020-01-01 00:33:12,2020-01-01 00:34:20,1,.50,1,N,263,263,2,3.5,3,0.5,0,0,0.3,7.3,2.5
1,2020-01-01 00:43:24,2020-01-01 00:54:32,1,3.30,1,N,263,193,1,12,3,0.5,1,0,0.3,16.8,2.5
2,2020-01-01 00:10:27,2020-01-01 00:24:39,1,1.48,1,N,68,79,1,9.5,0.5,0.5,0,0,0.3,13.3,2.5
2,2020-01-01 00:29:00,2020-01-01 00:33:45,1,.46,1,N,79,79,1,5,0.5,0.5,0.88,0,0.3,9.68,2.5
2,2020-01-01 00:36:06,2020-01-01 00:58:01,1,9.28,1,N,79,42,1,27,0.5,0.5,6.16,0,0.3,36.96,2.5
1,2020-01-01 00:16:21,2020-01-01 00:32:53,1,2.00,1,N,48,234,1,11.5,3,0.5,2.3,0,0.3,17.6,2.5
1,2020-01-01 00:40:01,2020-01-01 01:16:16,1,13.60,1,N,234,221,2,40.5,3,0.5,0,18.36,0.3,62.66,2.5
2,2020-01-01 00:45:19,2020-01-01 01:00:10,6,3.96,1,N,161,74,2,14.5,0.5,0.5,0,0,0.3,18.3,2.5
2,2020-01-01 00:07:14,2020-01-01 00:37:35,2,18.39,1,N,132,17,1,50.5,0.5,0.5,10.36,0,0.3,62.16,0
1,2020-01-01 00:12:22,2020-01-01 00:31:19,1,4.30,1,N,141,249,1,15.5,3,0.5,3.7,0,0.3,23,2.5
2,2020-01-01 00:52:06,2020-01-01 01:08:24,5,2.09,1,N,140,142,1,12,0.5,0.5,3.16,0,0.3,18.96,2.5
2,2020-01-01 00:23:56,2020-01-01 00:52:58,1,1.85,1,N,43,164,2,17.5,0.5,0.5,0,0,0.3,21.3,2.5
2,2020-01-01 00:53:54,2020-01-01 01:05:15,1,1.23,1,N,164,107,1,8.5,0.5,0.5,3.08,0,0.3,15.38,2.5
1,2020-01-01 00:16:18,2020-01-01 00:22:46,1,1.10,1,N,162,237,2,6.5,3,0.5,0,0,0.3,10.3,2.5
1,2020-01-01 00:47:39,2020-01-01 01:01:11,1,1.50,1,N,161,141,1,10,3,0.5,4.1,0,0.3,17.9,2.5
1,2020-01-01 00:49:48,2020-01-01 01:35:07,2,11.40,1,N,50,255,1,39.5,3,0.5,8.65,0,0.3,51.95,2.5
2,2020-01-01 00:31:28,2020-01-01 00:45:27,1,2.34,1,N,239,229,1,11,0.5,0.5,2.96,0,0.3,17.76,2.5
2,2020-01-01 00:47:58,2020-01-01 01:02:59,1,2.44,1,N,229,236,2,12,0.5,0.5,0,0,0.3,15.8,2.5
1,2020-01-01 00:16:15,2020-01-01 00:26:07,1,3.20,1,N,148,87,1,12,3,0.5,3.15,0,0.3,18.95,2.5
1,2020-01-01 00:30:26,2020-01-01 00:38:30,1,1.70,1,N,87,261,2,8,3,0.5,0,0,0.3,11.8,2.5
1,2020-01-01 00:41:15,2020-01-01 01:27:28,1,14.90,1,N,231,127,1,47.5,3,0.5,5,0,0.3,56.3,2.5
1,2020-01-01 00:23:57,2020-01-01 00:35:07,1,1.40,1,N,68,246,2,9,3,0.5,0,0,0.3,12.8,2.5
1,2020-01-01 00:52:29,2020-01-01 00:55:46,1,.30,1,N,68,90,3,4,3,0.5,0,0,0.3,7.8,2.5
2,2020-01-01 00:28:02,2020-01-01 00:31:58,1,1.20,1,N,236,237,1,5.5,0.5,0.5,1.86,0,0.3,11.16,2.5
2,2020-01-01 00:33:50,2020-01-01 00:48:54,1,6.44,1,N,237,87,1,20,0.5,0.5,4.76,0,0.3,28.56,2.5
2,2020-01-01 00:50:19,2020-01-01 01:05:46,1,6.15,1,N,87,162,1,19.5,0.5,0.5,4.66,0,0.3,27.96,2.5
2,2020-01-01 00:22:06,2020-01-01 00:26:40,2,.40,1,N,48,246,2,4.5,0.5,0.5,0,0,0.3,8.3,2.5
2,2020-01-01 00:40:09,2020-01-01 00:51:20,1,1.89,1,N,50,239,1,9.5,0.5,0.5,2.66,0,0.3,15.96,2.5
2,2020-01-01 00:54:17,2020-01-01 01:27:05,1,3.02,1,N,238,68,2,21,0.5,0.5,0,0,0.3,24.8,2.5
2,2020-01-01 00:14:26,2020-01-01 00:51:55,1,3.21,1,N,48,237,1,22.5,0.5,0.5,5.26,0,0.3,31.56,2.5
2,2020-01-01 00:53:10,2020-01-01 00:57:56,1,.83,1,N,237,263,1,5.5,0.5,0.5,1,0,0.3,10.3,2.5
2,2020-01-01 00:18:19,2020-01-01 00:29:31,1,2.36,1,N,236,43,1,10.5,0.5,0.5,3.58,0,0.3,17.88,2.5
2,2020-01-01 00:30:27,2020-01-01 00:35:37,1,1.08,1,N,43,43,1,6,0.5,0.5,1.96,0,0.3,11.76,2.5
2,2020-01-01 00:37:14,2020-01-01 00:41:38,1,.74,1,N,43,238,1,5.5,0.5,0.5,1.86,0,0.3,11.16,2.5
2,2020-01-01 00:47:00,2020-01-01 00:52:12,1,1.22,1,N,43,41,1,6.5,0.5,0.5,2.06,0,0.3,12.36,2.5
2,2020-01-01 00:57:38,2020-01-01 01:20:23,1,6.34,1,N,151,7,1,21,0.5,0.5,2,0,0.3,26.8,2.5
2,2020-01-01 00:33:49,2020-01-01 00:49:52,2,1.30,1,N,107,68,1,11,0.5,0.5,2.96,0,0.3,17.76,2.5
2,2020-01-01 00:03:49,2020-01-01 00:12:02,1,1.54,1,N,238,236,2,8,0.5,0.5,0,0,0.3,11.8,2.5
2,2020-01-01 00:36:19,2020-01-01 00:49:47,1,1.34,1,N,161,170,1,9.5,0.5,0.5,1,0,0.3,14.3,2.5
2,2020-01-01 00:54:59,2020-01-01 01:07:57,1,.78,1,N,107,90,2,9,0.5,0.5,0,0,0.3,12.8,2.5
2,2020-01-01 00:57:36,2020-01-01 01:01:40,1,.60,1,N,79,79,1,4.5,0.5,0.5,1.66,0,0.3,9.96,2.5
2,2020-01-01 00:22:44,2020-01-01 00:46:01,1,3.53,1,N,249,237,1,16.5,0.5,0.5,5.08,0,0.3,25.38,2.5
2,2020-01-01 00:47:43,2020-01-01 01:10:44,1,6.53,1,N,237,231,1,22.5,0.5,0.5,5.26,0,0.3,31.56,2.5
1,2020-01-01 00:37:44,2020-01-01 00:58:21,1,4.10,1,N,237,231,1,16,3,0.5,3.95,0,0.3,23.75,2.5
1,2020-01-01 00:59:14,2020-01-01 01:13:00,1,2.70,1,N,231,68,1,12,3,0.5,3.15,0,0.3,18.95,2.5
2,2020-01-01 00:57:13,2020-01-01 00:58:05,1,.11,1,N,260,260,3,-2.5,-0.5,-0.5,0,0,-0.3,-3.8,0
2,2020-01-01 00:57:13,2020-01-01 00:58:05,1,.11,1,N,260,260,2,2.5,0.5,0.5,0,0,0.3,3.8,0
2,2020-01-01 00:27:21,2020-01-01 00:41:36,1,2.62,1,N,43,107,2,11,0.5,0.5,0,0,0.3,14.8,2.5
2,2020-01-01 00:25:18,2020-01-01 00:32:19,1,.68,1,N,162,234,2,6,0.5,0.5,0,0,0.3,9.8,2.5
2,2020-01-01 00:44:37,2020-01-01 01:00:58,1,1.49,1,N,234,114,1,11.5,0.5,0.5,3.06,0,0.3,18.36,2.5
2,2020-01-01 00:23:30,2020-01-01 00:41:40,1,4.41,1,N,263,246,1,17,0.5,0.5,4.16,0,0.3,24.96,2.5
2,2020-01-01 00:21:11,2020-01-01 00:44:16,1,5.10,1,N,140,7,1,18.5,0.5,0.5,4.46,0,0.3,26.76,2.5
2,2020-01-01 00:33:24,2020-01-01 00:43:44,1,3.02,1,N,79,209,1,11,0.5,0.5,2.96,0,0.3,17.76,2.5
2,2020-01-01 00:06:44,2020-01-01 00:20:57,1,1.83,1,N,114,164,2,11,0.5,0.5,0,0,0.3,14.8,2.5
2,2020-01-01 00:25:31,2020-01-01 00:45:25,1,4.67,1,N,164,209,1,19,0.5,0.5,5.7,0,0.3,28.5,2.5
2,2020-01-01 00:50:33,2020-01-01 01:01:22,1,3.74,1,N,87,79,1,13,0.5,0.5,3.36,0,0.3,20.16,2.5
2,2020-01-01 00:10:31,2020-01-01 00:16:00,3,.97,1,N,151,239,1,6,0.5,0.5,1.96,0,0.3,11.76,2.5
2,2020-01-01 00:16:49,2020-01-01 00:21:20,2,.95,1,N,239,143,1,5.5,0.5,0.5,4,0,0.3,13.3,2.5
2,2020-01-01 00:30:03,2020-01-01 00:37:29,2,1.50,1,N,239,236,1,7.5,0.5,0.5,2.26,0,0.3,13.56,2.5
2,2020-01-01 00:38:14,2020-01-01 00:50:56,3,3.89,1,N,237,224,1,14,0.5,0.5,4.45,0,0.3,22.25,2.5
2,2020-01-01 00:57:10,2020-01-01 01:05:24,1,1.71,1,N,224,162,2,8,0.5,0.5,0,0,0.3,11.8,2.5
2,2020-01-01 00:36:30,2020-01-01 01:09:34,1,19.19,2,N,264,264,1,52,0,0.5,13.82,0,0.3,69.12,2.5
2,2020-01-01 00:06:36,2020-01-01 00:16:05,2,1.28,1,N,79,170,1,8,0.5,0.5,2.36,0,0.3,14.16,2.5
2,2020-01-01 00:29:39,2020-01-01 00:45:31,2,2.75,1,N,113,229,2,12.5,0.5,0.5,0,0,0.3,16.3,2.5
2,2020-01-01 00:46:29,2020-01-01 00:51:52,1,1.40,1,N,229,229,1,6.5,0.5,0.5,2,0,0.3,12.3,2.5
2,2020-01-01 00:38:58,2020-01-01 00:51:12,2,3.62,1,N,17,148,1,13,0.5,0.5,3.36,0,0.3,20.16,2.5
2,2020-01-01 00:56:29,2020-01-01 00:59:27,1,.54,1,N,79,232,1,4,0.5,0.5,1.56,0,0.3,9.36,2.5
1,2020-01-01 00:13:45,2020-01-01 00:41:21,1,3.80,1,N,231,50,1,19,3,0.5,4.55,0,0.3,27.35,2.5
1,2020-01-01 00:55:15,2020-01-01 00:59:13,1,.60,1,N,50,246,1,5,3,0.5,2.6,0,0.3,11.4,2.5
2,2020-01-01 00:19:36,2020-01-01 00:21:09,1,.54,1,N,239,238,2,3.5,0.5,0.5,0,0,0.3,7.3,2.5
2,2020-01-01 00:24:22,2020-01-01 00:25:54,1,.56,1,N,238,239,1,3.5,0.5,0.5,1.7,0,0.3,9,2.5
2,2020-01-01 00:27:23,2020-01-01 00:43:58,1,4.06,1,N,239,137,2,14.5,0.5,0.5,0,0,0.3,18.3,2.5
2,2020-01-01 00:45:37,2020-01-01 01:05:57,1,3.76,1,N,137,262,1,15,0.5,0.5,2.25,0,0.3,21.05,2.5
2,2020-01-01 00:21:24,2020-01-01 00:24:36,1,.53,1,N,113,114,1,4.5,0.5,0.5,0.75,0,0.3,9.05,2.5
2,2020-01-01 00:28:33,2020-01-01 01:04:02,1,4.25,1,N,144,48,2,23,0.5,0.5,0,0,0.3,26.8,2.5
1,2020-01-01 00:19:34,2020-01-01 00:30:38,1,.80,1,N,87,87,2,8.5,3,0.5,0,0,0.3,12.3,2.5
1,2020-01-01 00:42:02,2020-01-01 00:56:13,1,2.70,1,N,87,249,1,12,3,0.5,3.15,0,0.3,18.95,2.5
1,2020-01-01 00:58:05,2020-01-01 01:08:56,1,1.70,1,N,249,148,2,9,3,0.5,0,0,0.3,12.8,2.5
1,2020-01-01 00:12:24,2020-01-01 00:17:10,0,1.40,1,N,236,237,1,6,3.5,0.5,2.05,0,0.3,12.35,2.5
1,2020-01-01 00:20:50,2020-01-01 00:36:29,0,1.10,1,N,141,161,1,10.5,3.5,0.5,0.2,0,0.3,15,2.5
1,2020-01-01 00:39:00,2020-01-01 00:46:47,0,.80,1,N,161,233,1,6.5,3.5,0.5,0.5,0,0.3,11.3,2.5
1,2020-01-01 00:48:50,2020-01-01 01:01:32,0,2.30,1,N,233,90,1,10,3.5,0.5,2.85,0,0.3,17.15,2.5
1,2020-01-01 00:06:06,2020-01-01 00:10:45,1,.90,1,N,237,263,1,5.5,3,0.5,1.85,0,0.3,11.15,2.5
1,2020-01-01 00:11:54,2020-01-01 00:17:17,2,1.00,1,N,263,141,1,5.5,3,0.5,1.85,0,0.3,11.15,2.5
1,2020-01-01 00:24:59,2020-01-01 00:32:42,1,.80,1,N,237,140,1,6.5,3,0.5,1.03,0,0.3,11.33,2.5
1,2020-01-01 00:40:06,2020-01-01 00:43:51,1,.50,1,N,141,262,1,4.5,3,0.5,0,0,0.3,8.3,2.5
1,2020-01-01 00:49:56,2020-01-01 01:18:17,1,4.40,1,N,262,68,1,20.5,3,0.5,4.85,0,0.3,29.15,2.5
2,2020-01-01 00:26:47,2020-01-01 00:37:51,1,1.53,1,N,234,233,1,9,0.5,0.5,2.56,0,0.3,15.36,2.5
2,2020-01-01 00:41:53,2020-01-01 00:47:02,2,.34,1,N,170,170,1,5,0.5,0.5,1.76,0,0.3,10.56,2.5
2,2020-01-01 00:53:13,2020-01-01 01:04:57,2,1.77,1,N,164,68,2,9.5,0.5,0.5,0,0,0.3,13.3,2.5
2,2020-01-01 00:43:35,2020-01-01 00:54:56,1,.99,1,N,229,170,1,8.5,0.5,0.5,1,0,0.3,13.3,2.5
2,2020-01-01 00:42:00,2020-01-01 00:58:45,1,3.07,1,N,238,116,2,13.5,0.5,0.5,0,0,0.3,14.8,0
2,2020-01-01 00:30:18,2020-01-01 01:01:03,1,23.47,1,N,132,195,1,61.5,0.5,0.5,12.56,0,0.3,75.36,0
2,2020-01-01 00:19:06,2020-01-01 00:25:28,2,.84,1,N,114,144,1,6,0.5,0.5,1.47,0,0.3,11.27,2.5
2,2020-01-01 00:29:17,2020-01-01 00:42:44,1,1.67,1,N,114,79,2,9.5,0.5,0.5,0,0,0.3,13.3,2.5
2,2020-01-01 00:43:40,2020-01-01 00:58:16,1,2.68,1,N,79,229,1,11,0.5,0.5,2.96,0,0.3,17.76,2.5
1,2020-01-01 00:37:09,2020-01-01 00:40:31,0,.20,1,N,48,50,1,4,3,0.5,0,0,0.3,7.8,2.5
1,2020-01-01 00:49:26,2020-01-01 01:31:05,2,10.10,1,N,48,18,2,37,3,0.5,0,0,0.3,40.8,2.5
1,2020-01-01 00:50:25,2020-01-01 01:06:09,3,4.80,1,N,232,263,1,16.5,3,0.5,4.05,0,0.3,24.35,2.5
2,2020-01-01 00:31:57,2020-01-01 00:48:23,1,3.77,1,N,162,238,2,14,0.5,0.5,0,0,0.3,17.8,2.5
2,2020-01-01 00:55:53,2020-01-01 01:06:42,1,1.65,1,N,238,142,2,9,0.5,0.5,0,0,0.3,12.8,2.5
2,2020-01-01 00:38:38,2020-01-01 00:43:17,1,.44,1,N,90,249,1,4.5,0.5,0.5,1.49,0,0.3,9.79,2.5
2,2020-01-01 00:44:53,2020-01-01 01:08:14,1,2.43,1,N,249,48,1,15,0.5,0.5,4.7,0,0.3,23.5,2.5
2,2020-01-01 00:30:31,2020-01-01 01:44:14,1,8.92,1,N,170,238,2,38,0.5,0.5,0,0,0.3,41.8,2.5
1,2020-01-01 00:41:13,2020-01-01 00:52:29,2,1.90,1,N,148,170,1,9.5,3,0.5,0,0,0.3,13.3,2.5
2,2020-01-01 00:10:56,2020-01-01 00:23:33,1,6.57,1,N,138,168,1,19,0.5,0.5,10,6.12,0.3,36.42,0
2,2020-01-01 00:41:24,2020-01-01 00:50:55,1,2.41,1,N,263,233,1,9.5,0.5,0.5,2.66,0,0.3,15.96,2.5
2,2020-01-01 00:26:50,2020-01-01 00:40:12,1,5.31,1,N,87,229,2,17,0.5,0.5,0,0,0.3,20.8,2.5
2,2020-01-01 00:45:07,2020-01-01 00:49:59,1,1.00,1,N,229,141,1,5.5,0.5,0.5,1.5,0,0.3,10.8,2.5
1,2020-01-01 00:46:55,2020-01-01 01:00:20,2,.50,1,N,161,229,2,9,3,0.5,0,0,0.3,12.8,2.5
2,2020-01-01 00:00:14,2020-01-01 00:15:46,1,7.25,1,N,79,168,2,21.5,0.5,0.5,0,0,0.3,25.3,2.5
2,2020-01-01 00:35:51,2020-01-01 00:38:07,1,.61,1,N,141,263,1,4,0.5,0.5,2,0,0.3,9.8,2.5
2,2020-01-01 00:42:03,2020-01-01 00:50:42,1,1.31,1,N,141,236,1,7.5,0.5,0.5,3.39,0,0.3,14.69,2.5
2,2020-01-01 00:56:20,2020-01-01 00:59:09,1,.62,1,N,236,237,1,4,0.5,0.5,1.56,0,0.3,9.36,2.5
1,2020-01-01 00:41:25,2020-01-01 01:03:46,2,4.30,1,N,181,232,1,18,3,0.5,4.35,0,0.3,26.15,2.5
2,2020-01-01 00:15:21,2020-01-01 00:19:07,2,.71,1,N,148,79,1,4.5,0.5,0.5,2.49,0,0.3,10.79,2.5
2,2020-01-01 00:23:24,2020-01-01 00:32:10,1,2.23,1,N,79,229,1,9,0.5,0.5,2.56,0,0.3,15.36,2.5
2,2020-01-01 00:54:16,2020-01-01 01:05:46,1,1.30,1,N,107,158,1,8.5,0.5,0.5,2.46,0,0.3,14.76,2.5
1,2020-01-01 00:26:43,2020-01-01 00:41:33,2,1.20,1,N,239,48,1,10.5,3,0.5,2.85,0,0.3,17.15,2.5
1,2020-01-01 00:47:20,2020-01-01 01:21:21,1,2.70,1,N,48,113,1,20.5,3,0.5,7.25,0,0.3,31.55,2.5
1,2020-01-01 00:12:42,2020-01-01 00:32:40,1,7.10,1,N,162,147,2,22,3,0.5,0,0,0.3,25.8,2.5
1,2020-01-01 00:30:37,2020-01-01 00:32:38,1,.40,1,N,151,151,2,3.5,0.5,0.5,0,0,0.3,4.8,0
1,2020-01-01 00:39:09,2020-01-01 00:48:11,1,1.10,1,N,41,74,1,7.5,0.5,0.5,2.2,0,0.3,11,0
1,2020-01-01 00:58:34,2020-01-01 01:17:20,1,4.80,1,N,41,233,1,17.5,3,0.5,5.3,0,0.3,26.6,2.5
1,2020-01-01 00:35:13,2020-01-01 00:58:50,1,5.70,1,N,161,87,2,21.5,3,0.5,0,0,0.3,25.3,2.5
2,2020-01-01 00:33:46,2020-01-01 01:12:20,1,4.17,1,N,79,50,1,24.5,0.5,0.5,5.66,0,0.3,33.96,2.5
2,2020-01-01 00:51:14,2020-01-01 01:26:42,1,1.92,1,N,142,68,1,21,0.5,0.5,7.44,0,0.3,32.24,2.5
2,2020-01-01 00:31:19,2020-01-01 00:39:26,4,1.01,1,N,170,161,2,7,0.5,0.5,0,0,0.3,10.8,2.5
2,2020-01-01 00:47:13,2020-01-01 00:54:52,6,1.77,1,N,161,140,1,7.5,0.5,0.5,2.26,0,0.3,13.56,2.5
2,2020-01-01 00:58:35,2020-01-01 01:02:04,4,.73,1,N,140,140,1,4.5,0.5,0.5,1.66,0,0.3,9.96,2.5
1,2020-01-01 00:38:19,2020-01-01 00:45:58,3,1.30,1,N,237,141,1,7.5,3,0.5,3,0,0.3,14.3,2.5
1,2020-01-01 00:55:27,2020-01-01 01:09:35,2,.80,1,N,237,161,2,9.5,3,0.5,0,0,0.3,13.3,2.5
2,2020-01-01 00:11:31,2020-01-01 00:15:34,2,.60,1,N,68,68,1,4.5,0.5,0.5,1.66,0,0.3,9.96,2.5
2,2020-01-01 00:32:20,2020-01-01 00:44:34,2,.38,1,N,249,45,2,8.5,0.5,0.5,0,0,0.3,12.3,2.5
1,2020-01-01 00:14:04,2020-01-01 00:40:02,2,3.30,1,N,231,170,2,17,3,0.5,0,0,0.3,20.8,2.5
1,2020-01-01 00:41:20,2020-01-01 00:44:37,1,.50,1,N,170,137,1,4,3,0.5,2.3,0,0.3,10.1,2.5
1,2020-01-01 00:49:50,2020-01-01 01:17:05,2,4.70,1,N,137,255,1,20.5,3,0.5,1.22,0,0.3,25.52,2.5
1,2020-01-01 00:18:42,2020-01-01 00:26:15,2,1.20,1,N,68,107,1,7,3,0.5,2.16,0,0.3,12.96,2.5
1,2020-01-01 00:49:15,2020-01-01 00:51:43,1,.40,1,Y,137,107,1,4,3,0.5,1.55,0,0.3,9.35,2.5
1,2020-01-01 00:55:56,2020-01-01 01:15:07,2,3.50,1,N,79,255,1,16,3,0.5,3,0,0.3,22.8,2.5
1,2020-01-01 00:14:46,2020-01-01 00:47:23,1,5.60,1,N,113,238,1,24,3,0.5,3,0,0.3,30.8,2.5
1,2020-01-01 00:53:36,2020-01-01 01:09:47,1,1.90,1,N,238,141,2,12,3,0.5,0,0,0.3,15.8,2.5
2,2020-01-01 00:17:57,2020-01-01 00:54:31,2,4.39,1,N,234,238,1,24,0.5,0.5,3,0,0.3,30.8,2.5
1,2020-01-01 00:36:37,2020-01-01 00:44:02,1,1.70,1,N,231,90,1,8,3,0.5,2.12,0,0.3,13.92,2.5
1,2020-01-01 00:54:48,2020-01-01 01:14:28,1,1.70,1,N,164,142,1,13,3,0.5,3.36,0,0.3,20.16,2.5
2,2020-01-01 00:38:08,2020-01-01 00:53:52,1,3.36,1,N,144,255,1,14,0.5,0.5,3.56,0,0.3,21.36,2.5
1,2020-01-01 00:31:06,2020-01-01 01:04:57,1,.00,1,N,166,211,1,26.2,0,0.5,0,0,0.3,27,0
1,2020-01-01 00:10:28,2020-01-01 00:25:45,2,2.00,1,N,161,68,1,11,3,0.5,2.95,0,0.3,17.75,2.5
1,2020-01-01 00:31:05,2020-01-01 00:51:40,2,1.00,1,N,246,68,1,13,3,0.5,4.2,0,0.3,21,2.5
1,2020-01-01 00:58:55,2020-01-01 01:29:16,1,2.70,1,N,90,163,1,18.5,3,0.5,2,0,0.3,24.3,2.5
2,2020-01-01 00:28:25,2020-01-01 00:31:01,3,.47,1,N,90,68,1,4,0.5,0.5,2.34,0,0.3,10.14,2.5
2,2020-01-01 00:32:03,2020-01-01 00:48:59,3,3.19,1,N,246,231,1,14,0.5,0.5,5.34,0,0.3,23.14,2.5
2,2020-01-01 00:50:31,2020-01-01 00:57:24,3,.81,1,N,209,148,1,6,0.5,0.5,1.96,0,0.3,11.76,2.5
2,2020-01-01 00:58:14,2020-01-01 01:07:16,3,1.55,1,N,148,87,1,8,0.5,0.5,2.36,0,0.3,14.16,2.5
1,2020-01-01 00:24:37,2020-01-01 00:45:38,1,3.50,1,N,43,48,1,16.5,3,0.5,4.05,0,0.3,24.35,2.5
1,2020-01-01 00:46:26,2020-01-01 01:25:41,1,11.80,1,N,48,67,1,38,3,0.5,9.55,6.12,0.3,57.47,2.5
2,2020-01-01 00:12:59,2020-01-01 00:33:03,3,4.13,1,N,239,170,2,16,0.5,0.5,0,0,0.3,19.8,2.5
2,2020-01-01 00:35:58,2020-01-01 00:46:55,1,2.26,1,N,170,263,1,10,0.5,0.5,2.76,0,0.3,16.56,2.5
2,2020-01-01 00:57:35,2020-01-01 01:20:41,3,2.25,1,N,237,50,1,15,0.5,0.5,3.76,0,0.3,22.56,2.5
2,2020-01-01 00:03:30,2020-01-01 00:15:17,4,1.72,1,N,114,158,1,9.5,0.5,0.5,2.66,0,0.3,15.96,2.5
2,2020-01-01 00:33:41,2020-01-01 00:37:24,1,.36,1,N,107,234,1,4,0.5,0.5,2.34,0,0.3,10.14,2.5
2,2020-01-01 00:47:39,2020-01-01 01:15:04,2,7.70,1,N,107,106,1,26.5,0.5,0.5,9.09,0,0.3,39.39,2.5
2,2020-01-01 00:12:04,2020-01-01 00:28:09,1,3.01,1,N,142,236,1,14,0.5,0.5,5.34,0,0.3,23.14,2.5
2,2020-01-01 00:37:30,2020-01-01 00:43:10,1,1.02,1,N,239,142,2,6.5,0.5,0.5,0,0,0.3,10.3,2.5
2,2020-01-01 00:44:18,2020-01-01 00:55:49,3,1.74,1,N,142,229,1,9,0.5,0.5,3.2,0,0.3,16,2.5
2,2020-01-01 00:33:28,2020-01-01 00:38:30,4,1.42,1,N,229,140,1,6.5,0.5,0.5,2.06,0,0.3,12.36,2.5
2,2020-01-01 00:40:50,2020-01-01 00:52:03,3,4.65,1,N,262,4,1,15,0.5,0.5,1,0,0.3,19.8,2.5
2,2020-01-01 00:55:08,2020-01-01 01:17:51,5,5.70,1,N,79,75,1,20,0.5,0.5,4.76,0,0.3,28.56,2.5
2,2020-01-01 00:07:41,2020-01-01 00:10:23,1,.65,1,N,140,262,2,4.5,0.5,0.5,0,0,0.3,8.3,2.5
2,2020-01-01 00:18:48,2020-01-01 00:38:14,1,2.96,1,N,262,143,1,14.5,0.5,0.5,4.58,0,0.3,22.88,2.5
2,2020-01-01 00:44:53,2020-01-01 00:51:24,1,2.05,1,N,142,24,1,8,0.5,0.5,2.36,0,0.3,14.16,2.5
2,2020-01-01 00:57:08,2020-01-01 01:01:33,1,.83,1,N,151,238,2,5.5,0.5,0.5,0,0,0.3,9.3,2.5
,2020-01-31 18:07:00,2020-01-31 18:42:00,,10.20,,,259,41,,33.41,5.5,0.5,0,0,0.3,39.71,0
,2020-01-31 18:57:00,2020-01-31 19:59:00,,19.73,,,41,72,,63.83,2.75,0.5,0,6.12,0.3,73.5,0
,2020-01-31 18:10:16,2020-01-31 18:46:24,,6.75,,,230,69,,35.49,2.75,0,0,0,0.3,38.54,0
,2020-01-31 18:44:00,2020-01-31 18:59:00,,1.25,,,74,42,,24.15,2.75,0.5,0,0,0.3,27.7,0
,2020-01-31 18:29:00,2020-01-31 19:03:26,,14.49,,,261,220,,48.34,2.75,0,0,2.8,0.3,54.19,0
,2020-01-31 18:37:18,2020-01-31 18:54:09,,2.85,,,90,231,,15.31,5.5,0,0,0,0.3,21.11,0
,2020-01-31 18:06:37,2020-01-31 18:33:59,,8.48,,,229,231,,24.08,2.75,0,0,0,0.3,27.13,0
,2020-01-31 18:52:04,2020-01-31 19:02:17,,1.63,,,231,232,,18.65,2.75,0,0,0,0.3,21.7,0
,2020-01-31 18:43:00,2020-01-31 19:01:00,,2.55,,,116,247,,15,5.5,0.5,0,0,0.3,21.3,0
,2020-01-31 05:36:11,2020-01-31 05:38:24,,.26,,,217,217,,13.04,2.75,0,0,0,0.3,16.09,0
,2020-01-31 05:05:00,2020-01-31 05:28:00,,4.57,,,173,179,,30.95,2.75,0.5,0,0,0.3,34.5,0
,2020-01-31 05:43:00,2020-01-31 06:34:00,,25.57,,,86,140,,57.17,2.75,0.5,0,6.12,0.3,66.84,0
,2020-01-31 05:29:00,2020-01-31 05:54:00,,14.03,,,223,231,,25.51,2.75,0.5,0,6.12,0.3,35.18,0
,2020-01-31 05:26:00,2020-01-31 05:54:00,,14.61,,,240,164,,38.54,2.75,0.5,0,6.12,0.3,48.21,0
,2020-01-31 05:13:00,2020-01-31 05:22:00,,4.29,,,92,28,,20.15,2.75,0.5,0,0,0.3,23.7,0
,2020-01-31 05:21:47,2020-01-31 05:33:21,,7.11,,,32,244,,23.18,2.75,0,0,0,0.3,26.23,0
,2020-01-31 05:21:50,2020-01-31 05:28:35,,2.10,,,10,205,,18.58,2.75,0,0,0,0.3,21.63,0
,2020-01-31 05:58:00,2020-01-31 06:48:52,,21.95,,,139,87,,52.38,2.75,0,0,6.12,0.3,61.55,0
,2020-01-31 05:52:33,2020-01-31 06:17:08,,6.40,,,188,137,,27.76,2.75,0.5,0,0,0.3,31.31,0
,2020-01-31 05:23:00,2020-01-31 05:48:00,,15.83,,,119,52,,40.68,2.75,0.5,0,6.12,0.3,50.35,0
,2020-01-31 05:28:00,2020-01-31 05:50:00,,8.99,,,76,149,,27.72,2.75,0.5,0,0,0.3,31.27,0
,2020-01-31 05:40:00,2020-01-31 06:16:00,,17.41,,,81,231,,53.2,2.75,0.5,0,6.12,0.3,62.87,0
,2020-01-31 06:08:00,2020-01-31 06:42:00,,8.10,,,173,186,,33.12,2.75,0.5,0,0,0.3,36.67,0
,2020-01-31 06:57:00,2020-01-31 07:40:00,,13.02,,,3,170,,50.54,2.75,0.5,0,6.12,0.3,60.21,0
,2020-01-31 06:04:00,2020-01-31 06:45:00,,15.46,,,19,170,,46.54,2.75,0.5,0,6.12,0.3,56.21,0
,2020-01-31 06:40:00,2020-01-31 07:19:00,,8.03,,,39,33,,35.95,2.75,0.5,0,0,0.3,39.5,0
,2020-01-31 06:16:47,2020-01-31 07:00:35,,16.04,,,91,237,,55.73,2.75,0.5,0,6.12,0.3,65.4,0
,2020-01-31 06:22:00,2020-01-31 07:09:00,,16.12,,,17,42,,46.45,2.75,0.5,0,0,0.3,50,0
,2020-01-31 06:56:03,2020-01-31 07:23:59,,12.06,,,224,136,,51.55,2.75,0,0,0,0.3,54.6,0
,2020-01-31 06:49:00,2020-01-31 08:13:00,,15.39,,,203,65,,55.58,2.75,0.5,0,0,0.3,59.13,0
,2020-01-31 06:16:00,2020-01-31 06:49:00,,12.17,,,32,145,,34.92,2.75,0.5,0,6.12,0.3,44.59,0
,2020-01-31 06:00:00,2020-01-31 06:53:00,,28.77,,,117,107,,49.98,2.75,0.5,0,8.41,0.3,61.94,0
,2020-01-31 06:20:00,2020-01-31 06:46:00,,13.81,,,69,88,,35.77,2.75,0.5,0,6.12,0.3,45.44,0
,2020-01-31 06:07:00,2020-01-31 06:34:00,,9.86,,,3,75,,31.62,2.75,0.5,0,6.12,0.3,41.29,0
,2020-01-31 06:55:00,2020-01-31 07:33:00,,8.94,,,42,24,,26.67,2.75,0.5,0,0,0.3,30.22,0
,2020-01-31 06:35:00,2020-01-31 06:53:00,,3.44,,,25,17,,22.57,2.75,0.5,0,0,0.3,26.12,0
,2020-01-31 06:41:57,2020-01-31 07:19:28,,15.21,,,215,75,,45.75,5.5,0,0,6.12,0.3,57.67,0
,2020-01-31 06:55:00,2020-01-31 07:18:00,,6.35,,,121,129,,24.86,2.75,0.5,0,0,0.3,28.41,0
,2020-01-31 06:06:00,2020-01-31 06:49:00,,16.26,,,124,209,,39.06,2.75,0.5,0,6.12,0.3,48.73,0
,2020-01-31 06:18:54,2020-01-31 06:48:18,,10.39,,,220,213,,48.85,2.75,0,0,0,0.3,51.9,0
,2020-01-31 06:56:00,2020-01-31 07:43:00,,15.50,,,215,168,,48.37,2.75,0.5,0,6.12,0.3,58.04,0
,2020-01-31 06:59:00,2020-01-31 07:36:00,,9.71,,,188,226,,35.74,2.75,0.5,0,0,0.3,39.29,0
,2020-01-31 06:53:00,2020-01-31 07:02:00,,2.38,,,215,10,,18.08,2.75,0.5,0,0,0.3,21.63,0
,2020-01-31 06:23:00,2020-01-31 07:20:00,,21.23,,,203,140,,47.91,2.75,0.5,0,6.12,0.3,57.58,0
,2020-01-31 06:15:00,2020-01-31 06:30:00,,3.00,,,225,65,,20.43,2.75,0.5,0,0,0.3,23.98,0
,2020-01-31 06:43:00,2020-01-31 07:14:00,,10.15,,,37,89,,26.71,2.75,0.5,0,0,0.3,30.26,0
,2020-01-31 06:47:00,2020-01-31 07:04:00,,4.50,,,167,75,,17.7,2.75,0.5,0,6.12,0.3,27.37,0
,2020-01-31 06:52:00,2020-01-31 07:26:00,,8.28,,,169,239,,51.05,2.75,0.5,0,0,0.3,54.6,0
,2020-01-31 06:52:54,2020-01-31 07:10:40,,4.04,,,61,232,,25.43,2.75,0.5,0,0,0.3,28.98,0
,2020-01-31 06:48:03,2020-01-31 07:01:44,,2.76,,,17,65,,20.93,2.75,0,0,0,0.3,23.98,0
,2020-01-31 06:20:45,2020-01-31 06:36:47,,3.12,,,177,256,,22.81,0,0,0,0,0.3,23.11,0
,2020-01-31 06:47:00,2020-01-31 07:17:00,,5.37,,,71,65,,24.9,2.75,0.5,0,0,0.3,28.45,0
,2020-01-31 06:46:33,2020-01-31 07:22:30,,7.35,,,91,33,,30.6,2.75,0,0,0,0.3,33.65,0
,2020-01-31 06:42:10,2020-01-31 07:05:02,,9.11,,,74,231,,29.29,2.75,0,0,0,0.3,32.34,0
,2020-01-31 06:27:25,2020-01-31 07:07:45,,14.86,,,225,166,,35.72,2.75,0,0,6.12,0.3,44.89,0
,2020-01-31 06:35:29,2020-01-31 07:07:00,,9.57,,,177,107,,28.26,2.75,0,0,0,0.3,31.31,0
,2020-01-31 06:18:25,2020-01-31 06:40:44,,3.62,,,61,157,,27.37,0,0,0,0,0.3,27.67,0
,2020-01-31 06:32:00,2020-01-31 07:03:00,,14.15,,,197,75,,33.19,5.5,0.5,0,6.12,0.3,45.61,0
,2020-01-31 06:34:26,2020-01-31 07:12:45,,13.38,,,205,179,,55.12,2.75,0,0,0,0.3,58.17,0
,2020-01-31 12:14:00,2020-01-31 12:43:00,,6.82,,,232,75,,28.79,2.75,0.5,0,0,0.3,32.34,0
,2020-01-31 12:27:24,2020-01-31 13:15:52,,27.46,,,261,218,,52.38,2.75,0,0,6.12,0.3,61.55,0
,2020-01-31 12:17:49,2020-01-31 12:59:34,,12.76,,,231,167,,48.69,2.75,0,0,0,0.3,51.74,0
,2020-01-31 12:46:00,2020-01-31 13:06:00,,4.86,,,263,119,,23.82,2.75,0.5,0,0,0.3,27.37,0
,2020-01-31 12:22:00,2020-01-31 12:53:00,,8.33,,,170,167,,34.99,2.75,0.5,0,0,0.3,38.54,0
,2020-01-31 12:58:00,2020-01-31 13:11:00,,2.45,,,136,31,,13.38,2.75,0.5,0,0,0.3,16.93,0
,2020-01-31 12:11:00,2020-01-31 12:30:00,,5.28,,,242,241,,30.3,2.75,0.5,0,0,0.3,33.85,0
,2020-01-31 12:09:00,2020-01-31 13:02:00,,13.27,,,143,213,,37.37,2.75,0.5,0,0,0.3,40.92,0
,2020-01-31 12:02:42,2020-01-31 12:15:22,,1.92,,,42,41,,17.69,2.75,0,0,0,0.3,20.74,0
,2020-01-31 12:49:31,2020-01-31 13:14:42,,2.85,,,239,140,,19.05,2.75,0,0,0,0.3,22.1,0
,2020-01-31 12:40:00,2020-01-31 12:59:00,,2.43,,,247,159,,14.05,2.75,0.5,0,0,0.3,17.6,0
,2020-01-31 12:15:00,2020-01-31 12:19:00,,.48,,,69,47,,24.05,2.75,0.5,0,0,0.3,27.6,0
,2020-01-31 12:14:08,2020-01-31 12:36:48,,7.77,,,14,89,,29.73,2.75,0,0,0,0.3,32.78,0
,2020-01-31 12:54:58,2020-01-31 13:33:48,,8.01,,,226,24,,22.74,2.75,0,0,6.12,0.3,31.91,0
,2020-01-31 12:30:00,2020-01-31 13:05:00,,14.61,,,231,223,,25.51,2.75,0.5,0,6.12,0.3,35.18,0
,2020-01-31 12:32:00,2020-01-31 12:48:00,,2.33,,,68,163,,19.73,2.75,0.5,0,0,0.3,23.28,0
,2020-01-31 12:19:00,2020-01-31 12:50:00,,5.86,,,76,17,,22.81,2.75,0.5,0,0,0.3,26.36,0
,2020-01-31 12:14:00,2020-01-31 12:51:00,,10.86,,,130,193,,35.42,2.75,0.5,0,0,0.3,38.97,0
,2020-01-31 12:57:00,2020-01-31 13:38:00,,6.62,,,79,239,,23.58,2.75,0.5,0,0,0.3,27.13,0
,2020-01-31 12:00:00,2020-01-31 12:39:00,,7.29,,,181,76,,27.53,2.75,0.5,0,0,0.3,31.08,0
,2020-01-31 12:08:00,2020-01-31 12:46:00,,5.25,,,107,151,,23.58,2.75,0.5,0,0,0.3,27.13,0
,2020-01-31 12:08:06,2020-01-31 12:26:36,,3.82,,,92,16,,27.06,2.75,0,0,0,0.3,30.11,0
,2020-01-31 12:47:30,2020-01-31 13:04:56,,5.81,,,16,265,,40.16,2.75,0,0,0,0.3,43.21,0
,2020-01-31 12:06:45,2020-01-31 12:38:09,,9.65,,,137,244,,46.15,2.75,0,0,0,0.3,49.2,0
,2020-01-31 12:52:00,2020-01-31 13:32:00,,14.05,,,107,185,,47.63,2.75,0.5,0,6.12,0.3,57.3,0
,2020-01-31 12:50:55,2020-01-31 13:12:11,,5.25,,,68,232,,18.06,2.75,0,0,0,0.3,21.11,0
,2020-01-31 12:42:31,2020-01-31 13:02:21,,6.00,,,243,238,,32.45,2.75,0.5,0,0,0.3,36,0
,2020-01-31 12:57:00,2020-01-31 13:40:00,,15.59,,,25,213,,46.13,2.75,0.5,0,6.12,0.3,55.8,0
,2020-01-31 12:51:00,2020-01-31 13:13:00,,8.20,,,107,82,,31.28,2.75,0.5,0,0,0.3,34.83,0
,2020-01-31 12:04:00,2020-01-31 12:28:00,,3.84,,,97,36,,22.57,2.75,0.5,0,0,0.3,26.12,0
,2020-01-31 12:07:07,2020-01-31 12:24:30,,8.32,,,42,107,,31.81,2.75,0,0,0,0.3,34.86,0
,2020-01-31 12:31:11,2020-01-31 13:02:24,,8.84,,,232,188,,25.29,2.75,0,0,6.12,0.3,34.46,0
,2020-01-31 12:56:54,2020-01-31 13:13:18,,2.57,,,179,226,,19.06,0,0,0,0,0.3,19.36,0
,2020-01-31 12:54:03,2020-01-31 12:55:28,,.00,,,179,179,,16.83,2.75,0,0,0,0.3,19.88,0
,2020-01-31 12:03:25,2020-01-31 12:20:22,,3.26,,,247,75,,24.32,2.75,0,0,0,0.3,27.37,0
,2020-01-31 12:10:00,2020-01-31 13:10:00,,12.61,,,137,222,,35.65,2.75,0.5,0,0,0.3,39.2,0
,2020-01-31 12:05:47,2020-01-31 12:54:46,,25.74,,,26,259,,67.14,2.75,0,0,6.12,0.3,76.31,0
,2020-01-31 12:10:00,2020-01-31 12:19:00,,1.74,,,76,39,,14.93,2.75,0.5,0,0,0.3,18.48,0
,2020-01-31 12:16:00,2020-01-31 12:36:00,,4.66,,,148,25,,20.02,2.75,0.5,0,0,0.3,23.57,0
,2020-01-31 12:28:23,2020-01-31 12:39:11,,1.44,,,43,74,,20.65,2.75,0,0,0,0.3,23.7,0
,2020-01-31 12:03:00,2020-01-31 12:41:00,,11.37,,,258,100,,35.48,2.75,0.5,0,6.12,0.3,45.15,0
,2020-01-31 12:19:28,2020-01-31 12:30:01,,1.59,,,163,238,,17.44,2.75,0,0,0,0.3,20.49,0
,2020-01-31 12:04:00,2020-01-31 12:36:00,,15.89,,,20,88,,55.73,2.75,0.5,0,6.12,0.3,65.4,0
,2020-01-31 12:44:02,2020-01-31 13:11:10,,3.91,,,130,205,,31.57,2.75,0,0,0,0.3,34.62,0
,2020-01-31 12:36:00,2020-01-31 12:49:00,,1.51,,,77,76,,14.93,2.75,0.5,0,0,0.3,18.48,0
,2020-01-31 12:38:07,2020-01-31 13:08:39,,11.19,,,161,111,,36.99,2.75,0.5,0,6.12,0.3,46.66,0
,2020-01-31 12:16:15,2020-01-31 13:02:22,,7.04,,,90,65,,25.95,2.75,0,0,0,0.3,29,0
,2020-01-31 13:42:36,2020-01-31 14:09:30,,6.56,,,113,24,,32.01,0,0,0,0,0.3,32.31,0
,2020-01-31 13:56:00,2020-01-31 14:34:00,,10.05,,,61,229,,34.12,2.75,0.5,0,0,0.3,37.67,0
,2020-01-31 13:10:00,2020-01-31 13:33:00,,10.60,,,74,65,,45.65,2.75,0.5,0,0,0.3,49.2,0
,2020-01-31 18:22:00,2020-01-31 18:36:00,,1.21,,,170,224,,13.16,2.75,0.5,0,0,0.3,16.71,0
,2020-01-31 18:33:00,2020-01-31 19:03:00,,7.00,,,52,71,,24.9,2.75,0.5,0,0,0.3,28.45,0
,2020-01-31 18:08:00,2020-01-31 18:45:00,,8.16,,,223,225,,32.59,2.75,0.5,0,0,0.3,36.14,0
,2020-01-31 18:23:00,2020-01-31 19:08:00,,8.19,,,234,159,,32.04,2.75,0.5,0,0,0.3,35.59,0
,2020-01-31 18:14:07,2020-01-31 18:55:56,,14.18,,,247,28,,41.34,2.75,0,0,6.12,0.3,50.51,0
,2020-01-31 18:09:00,2020-01-31 18:36:00,,4.04,,,140,42,,24.17,2.75,0.5,0,0,0.3,27.72,0
,2020-01-31 18:09:13,2020-01-31 18:21:54,,1.70,,,45,232,,8.65,8.25,0,0,0,0.3,17.2,0
,2020-01-31 18:42:43,2020-01-31 18:51:45,,1.38,,,79,137,,13.66,2.75,0,0,0,0.3,16.71,0
,2020-01-31 18:28:00,2020-01-31 19:10:00,,13.06,,,125,47,,43.13,2.75,0.5,0,0,0.3,46.68,0
,2020-01-31 18:49:00,2020-01-31 18:54:00,,.87,,,144,209,,18.15,2.75,0.5,0,0,0.3,21.7,0
,2020-01-31 18:04:55,2020-01-31 18:30:44,,5.90,,,100,166,,29.26,2.75,0,0,0,0.3,32.31,0
,2020-01-31 18:42:00,2020-01-31 19:13:00,,11.73,,,33,74,,45.65,2.75,0.5,0,0,0.3,49.2,0
,2020-01-31 18:11:00,2020-01-31 19:03:00,,7.67,,,33,39,,35.95,2.75,0.5,0,0,0.3,39.5,0
,2020-01-31 18:04:00,2020-01-31 18:54:00,,18.78,,,87,51,,57.88,2.75,0.5,0,6.12,0.3,67.55,0
,2020-01-31 18:25:00,2020-01-31 19:28:00,,15.79,,,69,188,,40.45,2.75,0.5,0,6.12,0.3,50.12,0
,2020-01-31 18:52:00,2020-01-31 19:27:00,,7.87,,,209,77,,37.77,2.75,0.5,0,0,0.3,41.32,0
,2020-01-31 18:24:40,2020-01-31 19:03:30,,11.23,,,37,131,,51.55,2.75,0,0,0,0.3,54.6,0
,2020-01-31 18:55:00,2020-01-31 19:39:00,,17.89,,,100,205,,53.8,2.75,0.5,0,0,0.3,57.35,0
,2020-01-31 18:30:00,2020-01-31 19:10:00,,9.60,,,49,197,,42.95,2.75,0.5,0,0,0.3,46.5,0
,2020-01-31 18:10:00,2020-01-31 19:41:00,,28.61,,,48,203,,47.68,2.75,0.5,0,6.12,0.3,57.35,0
,2020-01-31 18:40:47,2020-01-31 18:55:50,,2.98,,,74,159,,24.32,2.75,0,0,0,0.3,27.37,0
,2020-01-31 18:55:02,2020-01-31 19:06:47,,2.66,,,45,25,,32.95,2.75,0,0,0,0.3,36,0
,2020-01-31 18:54:00,2020-01-31 19:26:00,,9.60,,,129,143,,40.2,5.5,0.5,0,0,0.3,46.5,0
,2020-01-31 18:50:45,2020-01-31 19:58:46,,15.35,,,155,107,,46.15,2.75,0,0,0,0.3,49.2,0
,2020-01-31 18:51:00,2020-01-31 19:57:00,,27.09,,,140,117,,66.33,2.75,0.5,0,6.12,0.3,76,0
,2020-01-31 18:26:08,2020-01-31 19:13:50,,17.13,,,229,155,,40.12,2.75,0,0,6.12,0.3,49.29,0
,2020-01-31 18:21:38,2020-01-31 19:05:52,,15.93,,,79,51,,46.03,2.75,0,0,6.12,0.3,55.2,0
,2020-01-31 18:40:29,2020-01-31 19:15:03,,11.53,,,97,41,,46.15,2.75,0,0,0,0.3,49.2,0
,2020-01-31 18:03:02,2020-01-31 18:37:10,,7.85,,,164,116,,32.91,2.75,0,0,0,0.3,35.96,0
,2020-01-31 18:35:00,2020-01-31 19:09:00,,11.88,,,53,42,,37.18,2.75,0.5,0,6.12,0.3,46.85,0
,2020-01-31 18:00:00,2020-01-31 18:30:00,,6.72,,,161,82,,25.16,2.75,0.5,0,6.12,0.3,34.83,0
,2020-01-31 18:04:00,2020-01-31 19:15:00,,16.94,,,186,205,,58.43,2.75,0.5,0,6.12,0.3,68.1,0
,2020-01-31 18:37:26,2020-01-31 19:06:56,,5.97,,,261,230,,25.78,2.75,0,0,0,0.3,28.83,0
,2020-01-31 18:27:00,2020-01-31 19:16:00,,8.52,,,234,37,,35.65,2.75,0.5,0,0,0.3,39.2,0
,2020-01-31 18:54:54,2020-01-31 19:25:28,,10.07,,,262,92,,36.79,2.75,0,0,6.12,0.3,45.96,0
,2020-01-31 18:26:00,2020-01-31 18:41:00,,1.72,,,69,244,,17.75,2.75,0.5,0,0,0.3,21.3,0
,2020-01-31 18:11:00,2020-01-31 19:20:00,,17.70,,,140,30,,57.17,2.75,0.5,0,6.12,0.3,66.84,0
,2020-01-31 18:25:00,2020-01-31 19:00:00,,8.45,,,68,196,,29.85,2.75,0.5,0,6.12,0.3,39.52,0
,2020-01-31 18:00:00,2020-01-31 18:11:00,,1.33,,,7,7,,16.33,2.75,0.5,0,0,0.3,19.88,0
,2020-01-31 18:31:00,2020-01-31 18:59:00,,5.28,,,89,76,,23.33,2.75,0.5,0,0,0.3,26.88,0
,2020-01-31 18:11:47,2020-01-31 18:20:14,,1.04,,,263,75,,16.58,2.75,0,0,0,0.3,19.63,0
,2020-01-31 18:33:00,2020-01-31 19:18:00,,10.51,,,4,169,,37.99,2.75,0.5,0,0,0.3,41.54,0
,2020-01-31 18:47:00,2020-01-31 18:57:00,,1.43,,,68,113,,16.12,2.75,0.5,0,0,0.3,19.67,0
,2020-01-31 18:27:05,2020-01-31 19:17:54,,19.42,,,68,210,,35.85,2.75,0,0,6.12,0.3,45.02,0
,2020-01-31 18:23:00,2020-01-31 19:12:00,,13.86,,,216,66,,55.58,2.75,0.5,0,0,0.3,59.13,0
,2020-01-31 18:21:34,2020-01-31 19:01:47,,5.53,,,209,188,,29.45,2.75,0,0,0,0.3,32.5,0
,2020-01-31 18:31:00,2020-01-31 19:10:00,,6.42,,,230,168,,31.74,2.75,0.5,0,0,0.3,35.29,0
,2020-01-31 18:53:00,2020-01-31 19:20:00,,7.72,,,113,152,,35.95,2.75,0.5,0,0,0.3,39.5,0
,2020-01-31 18:07:00,2020-01-31 18:52:00,,15.71,,,76,213,,58.43,2.75,0.5,0,6.12,0.3,68.1,0
,2020-01-31 18:03:31,2020-01-31 18:16:52,,1.52,,,33,189,,56.08,2.75,0,0,0,0.3,59.13,0
,2020-01-31 18:57:00,2020-01-31 19:17:00,,9.15,,,38,180,,25.74,2.75,0.5,0,0,0.3,29.29,0
,2020-01-31 18:05:00,2020-01-31 18:44:00,,11.37,,,177,205,,45.65,2.75,0.5,0,0,0.3,49.2,0
,2020-01-31 18:40:00,2020-01-31 19:11:36,,10.62,,,256,178,,46.15,2.75,0,0,0,0.3,49.2,0
,2020-01-31 18:29:00,2020-01-31 19:05:00,,18.56,,,137,29,,39.48,2.75,0.5,0,6.12,0.3,49.15,0
,2020-01-31 18:53:00,2020-01-31 19:22:00,,6.39,,,41,212,,35.95,2.75,0.5,0,0,0.3,39.5,0
,2020-01-31 18:06:00,2020-01-31 18:58:00,,12.50,,,97,219,,51.05,2.75,0.5,0,0,0.3,54.6,0
,2020-01-31 18:00:43,2020-01-31 18:51:29,,14.23,,,198,168,,42.73,2.75,0,0,6.12,0.3,51.9,0
,2020-01-31 18:24:47,2020-01-31 18:51:22,,3.54,,,241,254,,30.07,2.75,0,0,0,0.3,33.12,0
,2020-01-31 19:40:00,2020-01-31 21:14:00,,17.15,,,140,89,,41.18,2.75,0.5,0,0,0.3,44.73,0
,2020-01-31 19:57:00,2020-01-31 20:29:00,,8.92,,,233,243,,36.7,5.5,0.5,0,0,0.3,43,0
,2020-01-31 19:07:00,2020-01-31 19:49:00,,8.11,,,72,232,,28.18,0,0.5,0,0,0.3,28.98,0
,2020-01-31 19:14:00,2020-01-31 19:58:00,,21.23,,,67,212,,48.73,2.75,0.5,0,12.24,0.3,64.52,0
,2020-01-31 19:10:00,2020-01-31 19:39:00,,5.17,,,90,74,,35.95,2.75,0.5,0,0,0.3,39.5,0
,2020-01-31 19:59:00,2020-01-31 20:30:00,,4.16,,,254,235,,24.36,2.75,0.5,0,0,0.3,27.91,0
,2020-01-31 19:13:00,2020-01-31 19:43:00,,9.79,,,41,254,,36.16,2.75,0.5,0,0,0.3,39.71,0
,2020-01-31 19:44:34,2020-01-31 20:39:38,,9.90,,,94,140,,39.85,2.75,0,0,0,0.3,42.9,0
,2020-01-31 19:19:00,2020-01-31 19:57:00,,9.76,,,247,90,,42.95,2.75,0.5,0,0,0.3,46.5,0
,2020-01-31 19:15:00,2020-01-31 19:39:00,,5.42,,,137,75,,22.19,2.75,0.5,0,0,0.3,25.74,0
,2020-01-31 19:42:00,2020-01-31 20:26:00,,12.93,,,177,117,,43.36,2.75,0.5,0,2.29,0.3,49.2,0
,2020-01-31 19:09:57,2020-01-31 19:32:29,,7.85,,,244,208,,28.92,2.75,0,0,0,0.3,31.97,0
,2020-01-31 19:48:00,2020-01-31 20:34:00,,9.38,,,88,35,,39.45,2.75,0.5,0,0,0.3,43,0
,2020-01-31 19:52:00,2020-01-31 19:52:00,,.00,,,237,237,,36.24,2.75,0.5,0,0,0.3,39.79,0
,2020-01-31 19:43:00,2020-01-31 20:31:00,,14.87,,,75,62,,30.09,2.75,0.5,0,6.12,0.3,39.76,0
,2020-01-31 19:15:10,2020-01-31 19:46:06,,11.26,,,4,60,,45.43,2.75,0,0,6.12,0.3,54.6,0
,2020-01-31 19:59:00,2020-01-31 20:36:00,,12.20,,,168,36,,42.23,2.75,0.5,0,6.12,0.3,51.9,0
,2020-01-31 19:36:49,2020-01-31 19:43:55,,1.30,,,50,100,,17.13,2.75,0,0,0,0.3,20.18,0
,2020-01-31 19:00:00,2020-01-31 19:18:00,,2.38,,,68,224,,16.12,2.75,0.5,0,0,0.3,19.67,0
,2020-01-31 19:18:00,2020-01-31 19:38:00,,4.26,,,155,35,,25.77,2.75,0.5,0,0,0.3,29.32,0
,2020-01-31 19:09:00,2020-01-31 19:13:00,,.59,,,263,262,,16.08,2.75,0.5,0,0,0.3,19.63,0
,2020-01-31 19:53:15,2020-01-31 20:25:50,,5.52,,,113,7,,17.85,2.75,0,0,6.12,0.3,27.02,0
,2020-01-31 19:10:00,2020-01-31 19:39:00,,10.07,,,74,51,,39.2,2.75,0.5,0,0,0.3,42.75,0
,2020-01-31 19:37:00,2020-01-31 21:42:00,,19.84,,,75,71,,89.95,2.75,0.5,0,0,0.3,93.5,0
,2020-01-31 19:21:00,2020-01-31 19:55:00,,17.19,,,74,191,,51.88,2.75,0.5,0,12.24,0.3,67.67,0
,2020-01-31 19:19:00,2020-01-31 20:25:00,,19.65,,,41,215,,56.45,2.75,0.5,0,0,0.3,60,0
,2020-01-31 19:00:00,2020-01-31 19:27:00,,4.95,,,97,133,,19.86,2.75,0.5,0,0,0.3,23.41,0
,2020-01-31 19:27:08,2020-01-31 19:28:41,,.20,,,256,256,,29.45,2.75,0,0,0,0.3,32.5,0
,2020-01-31 19:53:00,2020-01-31 20:22:00,,13.51,,,140,259,,38.87,2.75,0.5,0,6.12,0.3,48.54,0
,2020-01-31 19:46:00,2020-01-31 19:58:00,,1.29,,,188,89,,13.45,2.75,0.5,0,0,0.3,17,0
,2020-01-31 19:10:00,2020-01-31 19:46:00,,11.15,,,107,169,,37.99,2.75,0.5,0,0,0.3,41.54,0
,2020-01-31 19:42:00,2020-01-31 19:57:00,,3.20,,,79,97,,24.05,2.75,0.5,0,0,0.3,27.6,0
,2020-01-31 19:56:43,2020-01-31 20:24:10,,13.28,,,233,254,,36.9,5.5,0,0,6.12,0.3,48.82,0
,2020-01-31 19:02:00,2020-01-31 19:24:00,,1.64,,,237,229,,12.32,2.75,0.5,0,0,0.3,15.87,0
,2020-01-31 19:39:20,2020-01-31 20:01:09,,3.05,,,244,42,,15.85,8.25,0,0,0,0.3,24.4,0
,2020-01-31 19:15:43,2020-01-31 19:31:33,,3.93,,,168,120,,19.66,2.75,0,0,0,0.3,22.71,0
,2020-01-31 19:17:00,2020-01-31 19:59:00,,12.14,,,25,74,,41.41,2.75,0.5,0,0,0.3,44.96,0
,2020-01-31 19:56:37,2020-01-31 20:09:55,,2.27,,,41,75,,17.9,5.5,0,0,0,0.3,23.7,0
,2020-01-31 19:54:00,2020-01-31 20:34:00,,7.53,,,4,77,,35.65,2.75,0.5,0,0,0.3,39.2,0
,2020-01-31 19:44:07,2020-01-31 20:00:00,,3.96,,,244,119,,19.66,2.75,0,0,0,0.3,22.71,0
,2020-01-31 19:31:00,2020-01-31 19:47:00,,3.47,,,236,42,,25.61,0,0.5,0,0,0.3,26.41,0
,2020-01-31 19:22:09,2020-01-31 19:54:42,,19.26,,,116,191,,44.71,5.5,0,0,6.12,0.3,56.63,0
,2020-01-31 13:36:00,2020-01-31 13:51:00,,4.42,,,192,129,,31.84,2.75,0.5,0,0,0.3,35.39,0
,2020-01-31 13:07:00,2020-01-31 13:19:00,,3.20,,,56,135,,31.84,2.75,0.5,0,0,0.3,35.39,0
,2020-01-31 13:32:00,2020-01-31 14:01:00,,10.18,,,234,228,,26.37,2.75,0.5,0,6.12,0.3,36.04,0
,2020-01-31 13:48:21,2020-01-31 13:57:19,,1.56,,,158,246,,18.06,2.75,0,0,0,0.3,21.11,0
,2020-01-31 13:03:12,2020-01-31 13:30:17,,12.25,,,7,209,,42.73,2.75,0,0,6.12,0.3,51.9,0
,2020-01-31 13:05:00,2020-01-31 14:00:00,,14.54,,,141,259,,44.99,2.75,0.5,0,0,0.3,48.54,0
,2020-01-31 13:47:00,2020-01-31 14:15:00,,5.04,,,261,143,,25.28,2.75,0.5,0,0,0.3,28.83,0
,2020-01-31 13:50:00,2020-01-31 14:08:00,,2.63,,,90,232,,17.56,2.75,0.5,0,0,0.3,21.11,0
,2020-01-31 13:34:00,2020-01-31 13:40:00,,.57,,,68,113,,17.56,2.75,0.5,0,0,0.3,21.11,0
,2020-01-31 13:37:00,2020-01-31 14:03:00,,3.75,,,262,168,,25.45,2.75,0.5,0,0,0.3,29,0
,2020-01-31 13:39:21,2020-01-31 13:50:15,,2.73,,,209,4,,22.26,2.75,0,0,0,0.3,25.31,0
,2020-01-31 13:05:00,2020-01-31 13:17:00,,7.11,,,14,195,,35.95,2.75,0.5,0,0,0.3,39.5,0
,2020-01-31 13:31:00,2020-01-31 13:54:00,,8.28,,,242,42,,31.73,2.75,0.5,0,0,0.3,35.28,0
,2020-01-31 13:41:00,2020-01-31 14:26:00,,10.09,,,161,61,,34.12,2.75,0.5,0,0,0.3,37.67,0
,2020-01-31 13:23:25,2020-01-31 13:34:01,,1.60,,,130,130,,13.07,2.75,0,0,0,0.3,16.12,0
,2020-01-31 13:47:00,2020-01-31 13:50:00,,.54,,,155,155,,17.44,2.75,0.5,0,0,0.3,20.99,0
,2020-01-31 13:03:00,2020-01-31 13:15:00,,5.05,,,191,265,,20.97,2.75,0.5,0,0,0.3,24.52,0
,2020-01-31 13:09:46,2020-01-31 13:47:56,,7.11,,,129,263,,31.4,2.75,0,0,0,0.3,34.45,0
,2020-01-31 13:13:00,2020-01-31 13:31:00,,3.25,,,41,244,,20.85,2.75,0.5,0,0,0.3,24.4,0
,2020-01-31 13:18:00,2020-01-31 13:54:00,,12.13,,,73,113,,30.31,5.5,0.5,0,6.12,0.3,42.73,0
,2020-01-31 13:37:00,2020-01-31 14:05:00,,7.29,,,131,203,,21.07,2.75,0.5,0,0,0.3,24.62,0
,2020-01-31 13:40:00,2020-01-31 14:42:00,,15.39,,,37,117,,47.65,2.75,0.5,0,2.29,0.3,53.49,0
,2020-01-31 13:49:00,2020-01-31 14:24:00,,8.70,,,163,126,,33.33,2.75,0.5,0,6.12,0.3,43,0
,2020-01-31 13:32:00,2020-01-31 14:06:00,,12.46,,,39,70,,33.65,2.75,0.5,0,0,0.3,37.2,0
,2020-01-31 13:17:00,2020-01-31 13:24:00,,3.27,,,64,9,,26.56,2.75,0.5,0,0,0.3,30.11,0
,2020-01-31 13:50:00,2020-01-31 14:16:00,,12.27,,,134,74,,38.78,2.75,0.5,0,6.12,0.3,48.45,0
,2020-01-31 13:18:00,2020-01-31 13:39:00,,6.07,,,212,254,,28.52,2.75,0.5,0,0,0.3,32.07,0
,2020-01-31 13:00:00,2020-01-31 13:05:00,,.79,,,238,151,,12.17,2.75,0.5,0,0,0.3,15.72,0
,2020-01-31 13:21:29,2020-01-31 13:47:46,,6.47,,,161,168,,29.79,5.5,0,0,0,0.3,35.59,0
,2020-01-31 13:57:00,2020-01-31 14:09:00,,4.70,,,75,137,,25.45,2.75,0.5,0,0,0.3,29,0
,2020-01-31 13:21:54,2020-01-31 13:44:08,,2.28,,,141,143,,16.5,2.75,0,0,0,0.3,19.55,0
,2020-01-31 13:51:00,2020-01-31 14:15:00,,3.28,,,24,159,,34.96,2.75,0.5,0,0,0.3,38.51,0
,2020-01-31 13:46:00,2020-01-31 14:10:00,,8.32,,,229,97,,35.24,2.75,0.5,0,0,0.3,38.79,0
,2020-01-31 13:48:02,2020-01-31 14:43:41,,16.60,,,238,22,,45.84,2.75,0.5,0,6.12,0.3,55.51,0
,2020-01-31 13:54:00,2020-01-31 14:07:00,,2.41,,,174,94,,17.09,2.75,0.5,0,0,0.3,20.64,0
,2020-01-31 13:50:57,2020-01-31 14:20:58,,12.27,,,257,237,,45.43,2.75,0,0,6.12,0.3,54.6,0
,2020-01-31 13:05:27,2020-01-31 13:14:28,,1.40,,,42,42,,31.81,2.75,0,0,0,0.3,34.86,0
,2020-01-31 13:00:47,2020-01-31 13:57:22,,34.11,,,140,132,,36.66,5.5,0,0,6.12,0.3,48.58,0
,2020-01-31 13:33:00,2020-01-31 13:56:00,,2.60,,,161,137,,18.34,2.75,0.5,0,0,0.3,21.89,0
,2020-01-31 13:22:23,2020-01-31 13:40:19,,10.89,,,139,121,,31.57,2.75,0,0,0,0.3,34.62,0
,2020-01-31 13:04:01,2020-01-31 13:27:01,,3.10,,,97,89,,21.64,2.75,0,0,0,0.3,24.69,0
,2020-01-31 13:14:00,2020-01-31 13:50:00,,5.70,,,123,76,,32.46,2.75,0.5,0,0,0.3,36.01,0
,2020-01-31 13:06:00,2020-01-31 13:25:00,,3.19,,,155,123,,20.53,2.75,0.5,0,0,0.3,24.08,0
,2020-01-31 13:48:00,2020-01-31 13:53:00,,.33,,,165,165,,19.32,2.75,0.5,0,0,0.3,22.87,0
,2020-01-31 13:11:15,2020-01-31 13:34:15,,10.76,,,179,131,,46.15,2.75,0,0,0,0.3,49.2,0
,2020-01-31 13:51:00,2020-01-31 14:47:00,,9.80,,,143,61,,34.35,2.75,0.5,0,0,0.3,37.9,0
,2020-01-31 13:51:48,2020-01-31 14:05:23,,2.08,,,238,237,,19.05,2.75,0,0,0,0.3,22.1,0
,2020-01-31 13:15:27,2020-01-31 13:24:25,,1.48,,,238,166,,19.64,2.75,0,0,0,0.3,22.69,0
,2020-01-31 13:57:00,2020-01-31 14:39:00,,19.78,,,65,51,,63.83,2.75,0.5,0,6.12,0.3,73.5,0
,2020-01-31 13:55:00,2020-01-31 14:18:00,,9.73,,,155,124,,31.47,2.75,0.5,0,0,0.3,35.02,0
,2020-01-31 19:24:00,2020-01-31 19:51:00,,9.60,,,236,182,,33.33,2.75,0.5,0,6.12,0.3,43,0
,2020-01-31 19:13:00,2020-01-31 19:17:00,,.68,,,74,74,,20.15,2.75,0.5,0,0,0.3,23.7,0
,2020-01-31 19:56:00,2020-01-31 20:07:00,,1.87,,,77,72,,25.56,0,0.5,0,0,0.3,26.36,0
,2020-01-31 19:09:00,2020-01-31 19:43:00,,13.41,,,234,98,,45.56,2.75,0.5,0,0,0.3,49.11,0
,2020-01-31 19:28:14,2020-01-31 20:01:10,,11.31,,,170,89,,28.25,2.75,0,0,6.12,0.3,37.42,0
,2020-01-31 19:42:00,2020-01-31 19:57:00,,3.41,,,237,7,,22.08,2.75,0.5,0,0,0.3,25.63,0
,2020-01-31 19:53:37,2020-01-31 20:43:49,,13.28,,,48,216,,51.55,2.75,0,0,0,0.3,54.6,0
,2020-01-31 19:22:00,2020-01-31 19:48:00,,3.45,,,263,230,,21.95,2.75,0.5,0,0,0.3,25.5,0
,2020-01-31 20:09:43,2020-01-31 20:37:51,,6.45,,,90,83,,17.85,2.75,0,0,6.12,0.3,27.02,0
,2020-01-31 20:04:00,2020-01-31 20:31:00,,10.97,,,140,200,,39.5,2.75,0.5,0,0,0.3,43.05,0
,2020-01-31 20:28:57,2020-01-31 21:35:02,,9.27,,,90,42,,27.41,8.25,0,0,0,0.3,35.96,0
,2020-01-31 20:43:00,2020-01-31 20:54:00,,4.62,,,18,200,,19.06,2.75,0.5,0,0,0.3,22.61,0
,2020-01-31 20:29:58,2020-01-31 21:07:22,,6.84,,,232,74,,39.95,2.75,0,0,0,0.3,43,0
,2020-01-31 20:55:00,2020-01-31 21:35:00,,7.57,,,79,35,,27.76,2.75,0.5,0,0,0.3,31.31,0
,2020-01-31 20:44:00,2020-01-31 21:07:00,,5.30,,,232,181,,23.06,2.75,0.5,0,0,0.3,26.61,0
,2020-01-31 20:10:00,2020-01-31 20:29:00,,7.45,,,262,129,,24.78,2.75,0.5,0,6.12,0.3,34.45,0
,2020-01-31 20:27:00,2020-01-31 20:27:00,,.01,,,114,114,,20,0,0,4.56,0,0.3,29.31,2.5
,2020-01-31 20:55:39,2020-01-31 21:26:41,,12.78,,,100,200,,41.46,2.75,0,0,2.8,0.3,47.31,0
,2020-01-31 20:04:00,2020-01-31 20:24:00,,4.69,,,170,41,,27.73,2.75,0.5,0,0,0.3,31.28,0
,2020-01-31 20:45:00,2020-01-31 21:32:00,,9.08,,,249,35,,29.89,2.75,0.5,0,0,0.3,33.44,0
,2020-01-31 20:24:38,2020-01-31 20:47:56,,9.46,,,127,213,,18.8,5.5,0,0,6.12,0.3,30.72,0
,2020-01-31 20:33:00,2020-01-31 21:30:00,,15.55,,,159,35,,61.13,2.75,0.5,0,6.12,0.3,70.8,0
,2020-01-31 20:07:00,2020-01-31 20:30:00,,6.93,,,129,53,,34.86,2.75,0.5,0,0,0.3,38.41,0
,2020-01-31 20:56:00,2020-01-31 21:23:00,,7.88,,,90,260,,19.73,2.75,0.5,0,6.12,0.3,29.4,0
,2020-01-31 20:45:00,2020-01-31 21:08:00,,1.71,,,163,170,,18.34,2.75,0.5,0,0,0.3,21.89,0
,2020-01-31 20:03:00,2020-01-31 21:04:00,,16.55,,,140,91,,41.18,2.75,0.5,0,0,0.3,44.73,0
,2020-01-31 20:41:00,2020-01-31 20:41:00,,.00,,,169,264,,36.64,5.5,0.5,0,0,0.3,42.94,0
,2020-01-31 20:23:36,2020-01-31 21:32:40,,6.97,,,74,4,,19.94,5.5,0,0,0,0.3,25.74,0
,2020-01-31 20:05:00,2020-01-31 20:37:00,,11.07,,,107,47,,37.99,2.75,0.5,0,0,0.3,41.54,0
,2020-01-31 20:10:00,2020-01-31 20:44:00,,11.11,,,113,212,,31.35,5.5,0.5,0,6.12,0.3,43.77,0
,2020-01-31 20:12:00,2020-01-31 20:34:00,,5.91,,,151,186,,28.95,2.75,0.5,0,0,0.3,32.5,0
,2020-01-31 20:06:00,2020-01-31 20:29:00,,4.51,,,89,25,,18.39,5.5,0.5,0,0,0.3,24.69,0
,2020-01-31 20:55:00,2020-01-31 21:36:00,,17.09,,,90,29,,40.26,2.75,0.5,0,6.12,0.3,49.93,0
,2020-01-31 20:16:00,2020-01-31 20:57:00,,19.21,,,239,135,,39.67,2.75,0.5,0,6.12,0.3,49.34,0
,2020-01-31 20:08:00,2020-01-31 20:28:00,,5.46,,,136,259,,16.82,5.5,0.5,0,0,0.3,23.12,0
,2020-01-31 20:53:00,2020-01-31 21:19:00,,11.23,,,142,182,,39.71,2.75,0.5,0,0,0.3,43.26,0
,2020-01-31 20:56:00,2020-01-31 21:34:00,,12.50,,,137,216,,43.04,5.5,0.5,0,6.12,0.3,55.46,0
,2020-01-31 20:06:00,2020-01-31 21:00:00,,11.50,,,97,238,,39.45,2.75,0.5,0,0,0.3,43,0
,2020-01-31 20:36:00,2020-01-31 20:49:00,,4.56,,,235,74,,25.45,2.75,0.5,0,0,0.3,29,0
,2020-01-31 20:17:51,2020-01-31 20:36:24,,3.91,,,113,25,,24.97,2.75,0,0,0,0.3,28.02,0
,2020-01-31 20:14:13,2020-01-31 20:24:40,,1.64,,,42,42,,13.93,2.75,0,0,0,0.3,16.98,0
,2020-01-31 20:44:16,2020-01-31 20:58:14,,3.51,,,116,169,,21.22,2.75,0,0,0,0.3,24.27,0
,2020-01-31 20:40:00,2020-01-31 21:16:00,,23.09,,,88,76,,42.28,0,0.5,0,6.12,0.3,49.2,0
,2020-01-31 20:56:00,2020-01-31 21:19:00,,3.20,,,177,97,,22.81,2.75,0.5,0,0,0.3,26.36,0
,2020-01-31 20:50:00,2020-01-31 21:06:00,,1.46,,,69,69,,20.76,2.75,0.5,0,0,0.3,24.31,0
,2020-01-31 20:09:00,2020-01-31 20:28:00,,3.40,,,75,69,,23.82,2.75,0.5,0,0,0.3,27.37,0
,2020-01-31 20:52:00,2020-01-31 21:33:00,,9.54,,,79,116,,31.31,2.75,0.5,0,0,0.3,34.86,0
,2020-01-31 20:17:14,2020-01-31 20:32:06,,2.28,,,69,42,,20.34,2.75,0,0,0,0.3,23.39,0
,2020-01-31 20:14:00,2020-01-31 20:49:00,,7.75,,,228,37,,19.59,8.25,0.5,0,0,0.3,28.64,0
,2020-01-31 20:05:00,2020-01-31 20:49:00,,19.65,,,144,18,,42.84,2.75,0.5,0,6.12,0.3,52.51,0
,2020-01-31 13:57:07,2020-01-31 14:06:54,,4.39,,,175,131,,25.92,2.75,0,0,0,0.3,28.97,0
,2020-01-31 13:21:36,2020-01-31 13:38:44,,6.74,,,193,196,,25.21,2.75,0,0,0,0.3,28.26,0
,2020-01-31 13:40:00,2020-01-31 13:46:00,,.79,,,75,236,,16.08,2.75,0.5,0,0,0.3,19.63,0
,2020-01-31 13:17:15,2020-01-31 13:47:35,,12.64,,,205,179,,55.06,2.75,0,0,0,0.3,58.11,0
,2020-01-31 13:07:00,2020-01-31 13:37:00,,5.85,,,76,165,,32.45,2.75,0.5,0,0,0.3,36,0
,2020-01-31 13:32:00,2020-01-31 14:23:00,,14.35,,,140,35,,44.93,2.75,0.5,0,6.12,0.3,54.6,0
,2020-01-31 13:37:00,2020-01-31 13:52:00,,2.52,,,165,22,,19.76,0,0.5,0,0,0.3,20.56,0
,2020-01-31 13:53:00,2020-01-31 14:13:00,,4.10,,,165,39,,30.13,2.75,0.5,0,0,0.3,33.68,0
,2020-01-31 13:18:00,2020-01-31 13:29:00,,2.16,,,89,165,,19.32,2.75,0.5,0,0,0.3,22.87,0
,2020-01-31 13:48:05,2020-01-31 14:10:27,,4.49,,,263,116,,23.36,2.75,0,0,0,0.3,26.41,0
,2020-01-31 13:09:00,2020-01-31 13:42:00,,10.63,,,159,158,,38.41,2.75,0.5,0,0,0.3,41.96,0
,2020-01-31 13:00:27,2020-01-31 13:36:21,,23.12,,,239,250,,46.05,2.75,0,0,2.8,0.3,51.9,0
,2020-01-31 13:59:00,2020-01-31 14:05:00,,.90,,,238,151,,12.17,2.75,0.5,0,0,0.3,15.72,0
,2020-01-31 13:13:00,2020-01-31 13:30:00,,2.74,,,248,242,,22.29,2.75,0.5,0,0,0.3,25.84,0
,2020-01-31 13:43:38,2020-01-31 13:52:24,,1.73,,,73,16,,28.01,2.75,0,0,0,0.3,31.06,0
,2020-01-31 13:42:00,2020-01-31 13:48:00,,1.11,,,235,235,,19.84,0,0.5,0,0,0.3,20.64,0
,2020-01-31 13:05:00,2020-01-31 13:21:00,,4.43,,,220,243,,28.91,0,0.5,0,2.8,0.3,32.51,0
,2020-01-31 13:32:00,2020-01-31 14:29:00,,18.17,,,159,188,,67.25,2.75,0.5,0,0,0.3,70.8,0
,2020-01-31 13:49:47,2020-01-31 14:21:27,,8.48,,,113,42,,32.01,0,0,0,0,0.3,32.31,0
,2020-01-31 13:17:00,2020-01-31 13:44:00,,7.24,,,87,188,,24.37,2.75,0.5,0,6.12,0.3,34.04,0
,2020-01-31 13:23:00,2020-01-31 13:40:00,,3.29,,,143,90,,16.63,2.75,0.5,0,0,0.3,20.18,0
,2020-01-31 13:56:00,2020-01-31 14:23:00,,4.98,,,137,238,,20.83,5.5,0.5,0,0,0.3,27.13,0
,2020-01-31 13:53:19,2020-01-31 14:22:01,,5.86,,,68,41,,29.26,2.75,0,0,0,0.3,32.31,0
,2020-01-31 13:00:00,2020-01-31 13:42:00,,7.12,,,137,225,,27.76,2.75,0.5,0,0,0.3,31.31,0
,2020-01-31 13:54:00,2020-01-31 14:17:00,,2.99,,,61,76,,21.95,2.75,0.5,0,0,0.3,25.5,0
,2020-01-31 13:32:00,2020-01-31 13:36:00,,.74,,,76,76,,24.93,2.75,0.5,0,0,0.3,28.48,0
,2020-01-31 13:10:00,2020-01-31 13:28:00,,8.03,,,200,152,,36.65,2.75,0.5,0,2.8,0.3,43,0
,2020-01-31 13:45:00,2020-01-31 13:54:00,,1.14,,,7,193,,23.47,2.75,0.5,0,0,0.3,27.02,0
,2020-01-31 13:17:00,2020-01-31 13:28:00,,3.08,,,213,60,,14.35,5.5,0.5,0,0,0.3,20.65,0
,2020-01-31 13:59:00,2020-01-31 15:00:00,,8.33,,,68,61,,29.89,2.75,0.5,0,0,0.3,33.44,0
,2020-01-31 13:26:00,2020-01-31 13:48:00,,8.14,,,33,237,,32.27,2.75,0.5,0,0,0.3,35.82,0
,2020-01-31 13:12:00,2020-01-31 13:46:00,,6.77,,,136,183,,20.3,2.75,0.5,0,0,0.3,23.85,0
,2020-01-31 13:38:00,2020-01-31 14:06:00,,7.26,,,100,247,,34.99,2.75,0.5,0,0,0.3,38.54,0
,2020-01-31 13:59:00,2020-01-31 14:36:00,,11.03,,,148,22,,34.09,2.75,0.5,0,0,0.3,37.64,0
,2020-01-31 13:29:11,2020-01-31 13:55:32,,10.46,,,247,232,,46.15,2.75,0,0,0,0.3,49.2,0
,2020-01-31 13:24:06,2020-01-31 13:38:45,,3.59,,,130,216,,18.58,2.75,0,0,0,0.3,21.63,0
,2020-01-31 13:48:00,2020-01-31 14:16:00,,4.55,,,263,116,,22.86,2.75,0.5,0,0,0.3,26.41,0
,2020-01-31 13:01:00,2020-01-31 13:15:00,,2.15,,,140,239,,18.55,2.75,0.5,0,0,0.3,22.1,0
,2020-01-31 13:26:05,2020-01-31 14:10:35,,19.23,,,236,77,,36.93,2.75,0,0,6.12,0.3,46.1,0
,2020-01-31 13:25:00,2020-01-31 13:57:00,,1.82,,,169,136,,22.71,2.75,0.5,0,0,0.3,26.26,0
,2020-01-31 13:35:00,2020-01-31 14:25:00,,17.74,,,122,25,,57.57,2.75,0.5,0,0,0.3,61.12,0
,2020-01-31 13:25:52,2020-01-31 13:59:44,,12.79,,,79,28,,44.64,2.75,0,0,0,0.3,47.69,0
,2020-01-31 13:50:00,2020-01-31 14:03:00,,1.67,,,233,234,,13.16,2.75,0.5,0,0,0.3,16.71,0
,2020-01-31 13:24:00,2020-01-31 13:37:00,,2.11,,,144,170,,17.12,2.75,0.5,0,0,0.3,20.67,0
,2020-01-31 13:36:00,2020-01-31 14:46:00,,24.14,,,262,86,,73.83,2.75,0.5,0,6.12,0.3,83.5,0
,2020-01-31 13:32:00,2020-01-31 13:44:00,,3.77,,,185,81,,30.66,2.75,0.5,0,0,0.3,34.21,0
,2020-01-31 13:42:13,2020-01-31 14:05:35,,4.27,,,140,42,,24.67,2.75,0,0,0,0.3,27.72,0
,2020-01-31 13:16:00,2020-01-31 13:49:00,,4.82,,,188,177,,23.33,2.75,0.5,0,0,0.3,26.88,0
,2020-01-31 13:44:00,2020-01-31 14:32:00,,17.96,,,168,188,,47.92,2.75,0.5,0,6.12,0.3,57.59,0
,2020-01-31 13:02:32,2020-01-31 13:36:02,,8.76,,,116,82,,37.33,2.75,0,0,6.12,0.3,46.5,0
,2020-01-31 20:19:00,2020-01-31 20:56:00,,15.04,,,229,265,,56.45,2.75,0.5,0,0,0.3,60,0
,2020-01-31 20:29:00,2020-01-31 20:29:00,,.00,,,114,114,,30.91,2.75,0.5,0,0,0.3,34.46,0
,2020-01-31 20:27:00,2020-01-31 20:47:00,,11.21,,,168,129,,33.66,2.75,0.5,0,6.12,0.3,43.33,0
,2020-01-31 20:19:00,2020-01-31 20:40:00,,3.81,,,71,76,,23.33,2.75,0.5,0,0,0.3,26.88,0
,2020-01-31 20:42:00,2020-01-31 21:02:00,,7.43,,,219,102,,31.49,2.75,0.5,0,0,0.3,35.04,0
,2020-01-31 20:52:00,2020-01-31 21:30:00,,5.74,,,79,37,,27.76,2.75,0.5,0,0,0.3,31.31,0
,2020-01-31 20:23:00,2020-01-31 21:10:00,,16.10,,,211,55,,50.33,2.75,0.5,0,6.12,0.3,60,0
,2020-01-31 20:52:07,2020-01-31 21:29:03,,20.67,,,263,203,,48,2.75,0.5,0,6.12,0.3,57.67,0
,2020-01-31 20:11:00,2020-01-31 20:57:00,,15.38,,,238,21,,41.77,2.75,0.5,0,6.12,0.3,51.44,0
,2020-01-31 20:37:00,2020-01-31 21:26:00,,12.68,,,161,165,,37.06,2.75,0.5,0,6.12,0.3,46.73,0
,2020-01-31 20:41:00,2020-01-31 21:13:00,,11.69,,,114,70,,42.9,5.5,0.5,0,0,0.3,49.2,0
,2020-01-31 20:21:00,2020-01-31 21:06:00,,14.43,,,230,149,,32.6,5.5,0.5,0,6.12,0.3,45.02,0
,2020-01-31 20:44:00,2020-01-31 21:37:00,,26.21,,,210,116,,78.83,2.75,0.5,0,6.12,0.3,88.5,0
,2020-01-31 20:39:00,2020-01-31 21:34:00,,14.34,,,100,91,,40.21,2.75,0.5,0,0,0.3,43.76,0
,2020-01-31 20:48:00,2020-01-31 21:19:00,,5.05,,,88,62,,28.95,2.75,0.5,0,0,0.3,32.5,0
,2020-01-31 20:35:00,2020-01-31 20:48:00,,1.33,,,113,68,,16.12,2.75,0.5,0,0,0.3,19.67,0
,2020-01-31 20:07:00,2020-01-31 20:41:00,,10.44,,,14,61,,39.45,2.75,0.5,0,0,0.3,43,0
,2020-01-31 20:32:00,2020-01-31 21:19:00,,23.73,,,113,222,,29.53,2.75,0.5,0,6.12,0.3,39.2,0
,2020-01-31 20:09:41,2020-01-31 20:32:43,,12.13,,,14,155,,28.82,2.75,0,0,0,0.3,31.87,0
,2020-01-31 20:18:44,2020-01-31 20:47:18,,12.31,,,48,136,,43.45,2.75,0,0,0,0.3,46.5,0
,2020-01-31 21:03:00,2020-01-31 21:43:00,,17.22,,,144,191,,64.55,2.75,0.5,0,0,0.3,68.1,0
,2020-01-31 21:04:48,2020-01-31 21:26:17,,2.87,,,116,238,,18.95,2.75,0,0,0,0.3,22,0
,2020-01-31 21:24:00,2020-01-31 21:31:00,,1.04,,,116,42,,13.43,2.75,0.5,0,0,0.3,16.98,0
,2020-01-31 21:10:00,2020-01-31 21:46:00,,3.86,,,140,137,,17.59,2.75,0.5,0,0,0.3,21.14,0
,2020-01-31 21:47:00,2020-01-31 22:32:00,,17.86,,,90,35,,36.83,2.75,0.5,0,6.12,0.3,46.5,0
,2020-01-31 21:01:41,2020-01-31 21:38:51,,16.54,,,67,262,,44.67,2.75,0,0,6.12,0.3,53.84,0
,2020-01-31 21:13:00,2020-01-31 21:37:00,,6.00,,,146,41,,25.97,2.75,0.5,0,0,0.3,29.52,0
,2020-01-31 21:08:25,2020-01-31 21:18:20,,1.88,,,61,89,,21.37,2.75,0,0,0,0.3,24.42,0
,2020-01-31 21:35:06,2020-01-31 21:41:44,,1.42,,,49,225,,13.98,5.5,0,0,0,0.3,19.78,0
,2020-01-31 21:55:54,2020-01-31 22:24:45,,16.45,,,225,250,,49.01,5.5,0,0,6.12,0.3,60.93,0
,2020-01-31 21:47:00,2020-01-31 21:55:00,,1.25,,,61,177,,16.23,2.75,0.5,0,0,0.3,19.78,0
,2020-01-31 21:48:00,2020-01-31 22:27:00,,11.66,,,107,155,,56.45,2.75,0.5,0,0,0.3,60,0
,2020-01-31 21:19:36,2020-01-31 21:30:58,,2.11,,,141,75,,27.5,2.75,0,0,0,0.3,30.55,0
,2020-01-31 21:58:29,2020-01-31 22:15:47,,2.64,,,263,41,,20.65,2.75,0,0,0,0.3,23.7,0
,2020-01-31 21:02:10,2020-01-31 21:28:16,,6.75,,,107,260,,29.83,2.75,0.5,0,6.12,0.3,39.5,0
,2020-01-31 21:47:00,2020-01-31 22:16:00,,3.13,,,142,107,,22.75,0,0.5,1.95,0,0.3,25.5,0
,2020-01-31 21:30:00,2020-01-31 21:44:00,,3.85,,,140,168,,25.9,2.75,0.5,0,0,0.3,29.45,0
,2020-01-31 21:59:00,2020-01-31 22:42:00,,19.12,,,100,265,,63.83,2.75,0.5,0,6.12,0.3,73.5,0
,2020-01-31 21:04:00,2020-01-31 21:59:00,,6.45,,,75,79,,35.95,2.75,0.5,0,0,0.3,39.5,0
,2020-01-31 21:43:00,2020-01-31 22:36:00,,13.01,,,137,22,,31.48,2.75,0.5,0,6.12,0.3,41.15,0
,2020-01-31 21:31:00,2020-01-31 21:49:00,,3.29,,,35,76,,22.81,2.75,0.5,0,0,0.3,26.36,0
,2020-01-31 21:58:00,2020-01-31 23:09:00,,10.75,,,263,61,,36.21,2.75,0.5,0,0,0.3,39.76,0
,2020-01-31 21:43:03,2020-01-31 22:18:28,,10.47,,,163,258,,41.2,2.75,0,0,6.12,0.3,50.37,0
,2020-01-31 21:19:51,2020-01-31 21:45:55,,6.07,,,237,69,,32.45,2.75,0.5,0,0,0.3,36,0
,2020-01-31 21:08:00,2020-01-31 21:37:00,,8.92,,,48,160,,27,2.75,0.5,0,6.12,0.3,36.67,0
,2020-01-31 21:12:30,2020-01-31 21:42:35,,9.68,,,261,116,,39.36,0,0,6.84,0,0.3,46.5,0
,2020-01-31 21:59:00,2020-01-31 22:49:00,,20.93,,,39,75,,36.43,2.75,0.5,0,6.12,0.3,46.1,0
,2020-01-31 21:56:12,2020-01-31 22:37:27,,19.79,,,256,86,,47.69,5.5,0,0,0,0.3,53.49,0
,2020-01-31 21:21:00,2020-01-31 21:25:00,,.76,,,263,263,,16.08,2.75,0.5,0,0,0.3,19.63,0
,2020-01-31 21:08:26,2020-01-31 21:20:37,,5.12,,,74,235,,29.94,2.75,0,0,0,0.3,32.99,0
,2020-01-31 23:28:00,2020-02-01 00:01:00,,14.24,,,186,215,,39.87,2.75,0.5,0,6.12,0.3,49.54,0
,2020-01-31 23:34:00,2020-02-01 00:08:00,,14.53,,,143,81,,41.35,5.5,0.5,0,2.8,0.3,50.45,0
,2020-01-31 23:11:00,2020-01-31 23:39:00,,7.73,,,41,242,,35.95,2.75,0.5,0,0,0.3,39.5,0
,2020-01-31 23:14:18,2020-01-31 23:51:42,,22.90,,,87,222,,32.15,2.75,0,0,6.12,0.3,41.32,0
,2020-01-31 23:42:00,2020-02-01 00:03:00,,10.53,,,35,216,,32.45,2.75,0.5,0,0,0.3,36,0
,2020-01-31 23:08:00,2020-01-31 23:34:00,,12.07,,,191,35,,52.18,2.75,0.5,0,0,0.3,55.73,0
,2020-01-31 23:00:00,2020-01-31 23:44:00,,23.48,,,186,117,,54.01,2.75,0.5,0,6.12,0.3,63.68,0
,2020-01-31 23:13:00,2020-01-31 23:38:00,,12.09,,,164,131,,38.02,2.75,0.5,0,6.12,0.3,47.69,0
,2020-01-31 23:02:54,2020-01-31 23:27:10,,11.65,,,10,16,,28.74,2.75,0,0,0,0.3,31.79,0
,2020-01-31 23:56:37,2020-02-01 00:16:35,,8.54,,,247,81,,31.31,2.75,0,0,0,0.3,34.36,0
,2020-01-31 13:16:00,2020-01-31 13:38:00,,7.71,,,244,161,,34.9,2.75,0.5,0,0,0.3,38.45,0
,2020-01-31 13:55:00,2020-01-31 14:44:00,,9.29,,,231,72,,19.54,2.75,0.5,0,6.12,0.3,29.21,0
,2020-01-31 13:40:35,2020-01-31 14:09:35,,8.47,,,95,7,,26.7,5.5,0,0,0,0.3,32.5,0
,2020-01-31 13:02:00,2020-01-31 13:23:00,,6.58,,,193,82,,32.45,2.75,0.5,0,0,0.3,36,0
,2020-01-31 13:01:00,2020-01-31 13:26:00,,7.16,,,182,263,,39.45,2.75,0.5,0,0,0.3,43,0
,2020-01-31 13:07:00,2020-01-31 13:31:00,,9.96,,,77,98,,39.37,2.75,0.5,0,0,0.3,42.92,0
,2020-01-31 13:06:00,2020-01-31 13:23:00,,1.94,,,166,41,,14.15,2.75,0.5,0,0,0.3,17.7,0
,2020-01-31 13:58:00,2020-01-31 14:50:00,,18.93,,,114,32,,64.45,2.75,0.5,0,2.8,0.3,70.8,0
,2020-01-31 13:26:00,2020-01-31 13:56:00,,4.84,,,107,61,,25.45,2.75,0.5,0,0,0.3,29,0
,2020-01-31 13:47:00,2020-01-31 14:14:00,,5.41,,,113,238,,24.49,0,0.5,0,0,0.3,25.29,0
,2020-01-31 13:17:53,2020-01-31 13:51:41,,10.84,,,232,165,,27.94,2.75,0,0,6.12,0.3,37.11,0
,2020-01-31 13:54:00,2020-01-31 14:01:00,,1.97,,,258,63,,24.29,2.75,0.5,0,0,0.3,27.84,0
,2020-01-31 13:22:00,2020-01-31 13:29:00,,1.15,,,76,76,,14.93,2.75,0.5,0,0,0.3,18.48,0
,2020-01-31 13:43:13,2020-01-31 13:51:01,,1.16,,,25,33,,13.04,2.75,0,0,0,0.3,16.09,0
,2020-01-31 13:59:52,2020-01-31 14:28:22,,3.13,,,33,37,,22.36,2.75,0,0,0,0.3,25.41,0
,2020-01-31 13:34:00,2020-01-31 14:20:00,,15.11,,,90,10,,47.68,2.75,0.5,0,6.12,0.3,57.35,0
,2020-01-31 13:26:08,2020-01-31 13:40:09,,3.03,,,226,129,,21.45,2.75,0,0,0,0.3,24.5,0
,2020-01-31 13:43:00,2020-01-31 14:12:00,,12.76,,,21,77,,32.46,2.75,0.5,0,0,0.3,36.01,0
,2020-01-31 13:17:00,2020-01-31 14:05:00,,8.78,,,35,90,,39.45,2.75,0.5,0,0,0.3,43,0
,2020-01-31 13:57:00,2020-01-31 14:13:00,,2.73,,,249,48,,16.63,2.75,0.5,0,0,0.3,20.18,0
,2020-01-31 13:25:22,2020-01-31 13:35:19,,1.45,,,205,122,,28.58,2.75,0,0,0,0.3,31.63,0
,2020-01-31 13:58:35,2020-01-31 14:07:33,,.98,,,205,205,,28.58,2.75,0,0,0,0.3,31.63,0
,2020-01-31 06:02:40,2020-01-31 06:33:10,,6.05,,,225,146,,29.06,2.75,0,0,0,0.3,32.11,0
,2020-01-31 06:08:49,2020-01-31 06:46:08,,13.36,,,131,25,,58.07,2.75,0,0,0,0.3,61.12,0
,2020-01-31 06:36:35,2020-01-31 07:24:50,,16.97,,,216,45,,52.38,2.75,0,0,6.12,0.3,61.55,0
,2020-01-31 06:15:57,2020-01-31 06:38:46,,9.16,,,89,125,,27.94,2.75,0,0,6.12,0.3,37.11,0
,2020-01-31 06:41:00,2020-01-31 07:17:00,,12.08,,,32,145,,34.92,2.75,0.5,0,6.12,0.3,44.59,0
,2020-01-31 06:09:00,2020-01-31 06:27:00,,9.19,,,83,231,,28.72,2.75,0.5,0,0,0.3,32.27,0
,2020-01-31 06:17:32,2020-01-31 07:05:58,,21.35,,,72,116,,47.58,2.75,0,0,6.12,0.3,56.75,0
,2020-01-31 06:00:00,2020-01-31 06:47:00,,19.41,,,215,67,,57.76,2.75,0.5,0,0,0.3,61.31,0
,2020-01-31 06:41:14,2020-01-31 07:00:47,,4.53,,,196,226,,25.21,2.75,0,0,0,0.3,28.26,0
,2020-01-31 06:32:00,2020-01-31 06:55:00,,6.38,,,159,145,,23.39,2.75,0.5,0,6.12,0.3,33.06,0
,2020-01-31 06:32:00,2020-01-31 07:31:00,,13.51,,,72,166,,39.49,2.75,0.5,0,0,0.3,43.04,0
,2020-01-31 06:04:00,2020-01-31 06:07:00,,.15,,,81,51,,30.66,2.75,0.5,0,0,0.3,34.21,0
,2020-01-31 06:31:20,2020-01-31 06:57:57,,8.04,,,116,145,,28.96,2.75,0,0,6.12,0.3,38.13,0
,2020-01-31 06:50:00,2020-01-31 07:17:00,,5.51,,,61,258,,32.17,2.75,0.5,0,0,0.3,35.72,0
,2020-01-31 06:06:57,2020-01-31 06:57:15,,19.76,,,191,261,,58.5,2.75,0,0,0,0.3,61.55,0
,2020-01-31 06:58:00,2020-01-31 07:28:00,,8.21,,,250,140,,25.15,2.75,0.5,0,6.12,0.3,34.82,0
,2020-01-31 06:37:00,2020-01-31 07:22:00,,12.56,,,91,100,,34.09,2.75,0.5,0,6.12,0.3,43.76,0
,2020-01-31 06:56:00,2020-01-31 07:17:00,,11.89,,,223,131,,39.66,2.75,0.5,0,0,0.3,43.21,0
,2020-01-31 06:51:52,2020-01-31 07:14:13,,5.65,,,124,198,,23.5,2.75,0,0,0,0.3,26.55,0
,2020-01-31 06:48:00,2020-01-31 07:54:00,,16.58,,,139,162,,45.79,2.75,0.5,0,6.12,0.3,55.46,0
,2020-01-31 21:21:00,2020-01-31 22:03:00,,13.24,,,163,9,,49.36,2.75,0.5,0,0,0.3,52.91,0
,2020-01-31 21:36:00,2020-01-31 21:47:00,,1.75,,,49,25,,18.65,2.75,0.5,0,0,0.3,22.2,0
,2020-01-31 21:37:00,2020-01-31 22:31:00,,10.02,,,163,257,,48.35,2.75,0.5,0,0,0.3,51.9,0
,2020-01-31 21:42:00,2020-01-31 22:12:00,,9.72,,,36,218,,32.56,2.75,0.5,0,0,0.3,36.11,0
,2020-01-31 21:43:00,2020-01-31 22:09:00,,8.21,,,198,215,,31.49,2.75,0.5,0,0,0.3,35.04,0
,2020-01-31 21:14:39,2020-01-31 21:18:38,,.41,,,143,143,,13.88,5.5,0.5,0,0,0.3,20.18,0
,2020-01-31 21:42:00,2020-01-31 22:00:00,,9.95,,,101,10,,45.65,2.75,0.5,0,0,0.3,49.2,0
,2020-01-31 21:48:00,2020-01-31 22:14:00,,3.41,,,255,225,,21.95,2.75,0.5,0,0,0.3,25.5,0
,2020-01-31 21:12:00,2020-01-31 21:45:00,,7.20,,,230,33,,29.38,2.75,0.5,0,0,0.3,32.93,0
,2020-01-31 21:37:00,2020-01-31 22:12:00,,6.50,,,230,256,,29.7,5.5,0.5,0,0,0.3,36,0
,2020-01-31 21:53:00,2020-01-31 22:19:00,,6.06,,,89,63,,30.13,2.75,0.5,0,0,0.3,33.68,0
,2020-01-31 21:46:00,2020-01-31 21:53:00,,.79,,,263,263,,26.08,2.75,0.5,0,0,0.3,29.63,0
,2020-01-31 21:35:12,2020-01-31 21:54:25,,4.78,,,119,75,,24.32,2.75,0,0,0,0.3,27.37,0
,2020-01-31 21:43:00,2020-01-31 22:14:00,,9.60,,,198,218,,31.49,2.75,0.5,0,0,0.3,35.04,0
,2020-01-31 21:34:00,2020-01-31 22:14:00,,12.50,,,100,159,,48.35,2.75,0.5,0,0,0.3,51.9,0
,2020-01-31 22:58:32,2020-01-31 23:18:55,,6.63,,,56,215,,36.62,2.75,0,0,0,0.3,39.67,0
,2020-01-31 22:58:54,2020-01-31 23:39:55,,20.98,,,140,219,,48.41,2.75,0,0,6.12,0.3,57.58,0
,2020-01-31 22:01:00,2020-01-31 22:19:00,,2.90,,,90,231,,21.95,2.75,0.5,0,0,0.3,25.5,0
,2020-01-31 22:13:00,2020-01-31 22:28:00,,4.67,,,121,92,,18.11,2.75,0.5,0,0,0.3,21.66,0
,2020-01-31 22:18:00,2020-01-31 22:41:00,,4.32,,,77,85,,17.83,8.25,0.5,0,0,0.3,26.88,0
,2020-01-31 22:53:00,2020-01-31 23:27:00,,11.13,,,188,216,,47.61,2.75,0.5,0,0,0.3,51.16,0
,2020-01-31 22:25:00,2020-01-31 22:53:00,,8.74,,,230,69,,34.99,2.75,0.5,0,0,0.3,38.54,0
,2020-01-31 22:41:00,2020-01-31 23:18:00,,8.84,,,186,69,,34.99,2.75,0.5,0,0,0.3,38.54,0
,2020-01-31 22:03:00,2020-01-31 22:28:00,,10.86,,,151,183,,48.35,2.75,0.5,0,0,0.3,51.9,0
,2020-01-31 22:53:47,2020-01-31 23:37:57,,8.70,,,48,225,,24.27,2.75,0,0,6.12,0.3,33.44,0
,2020-01-31 22:25:00,2020-01-31 22:51:00,,6.58,,,165,63,,23.33,2.75,0.5,0,0,0.3,26.88,0
,2020-01-31 22:28:57,2020-01-31 22:58:10,,9.62,,,113,85,,29.69,2.75,0,0,6.12,0.3,38.86,0
,2020-01-31 22:13:00,2020-01-31 23:10:00,,17.20,,,238,210,,68.83,2.75,0.5,0,6.12,0.3,78.5,0
,2020-01-31 22:21:13,2020-01-31 22:53:56,,3.19,,,100,148,,18.06,2.75,0,0,0,0.3,21.11,0
,2020-01-31 22:43:19,2020-01-31 23:14:48,,16.32,,,242,36,,48.96,2.75,0,0,6.12,0.3,58.13,0
,2020-01-31 22:04:00,2020-01-31 22:34:00,,2.56,,,137,232,,26.8,0,0.5,0,0,0.3,27.6,0
,2020-01-31 22:34:00,2020-01-31 22:48:00,,2.70,,,61,36,,19.56,2.75,0.5,0,0,0.3,23.11,0
,2020-01-31 22:13:00,2020-01-31 22:23:00,,1.60,,,37,177,,16.23,2.75,0.5,0,0,0.3,19.78,0
,2020-01-31 22:41:00,2020-01-31 23:17:00,,16.67,,,48,64,,45.66,5.5,0.5,0,6.12,0.3,58.08,0
,2020-01-31 22:51:00,2020-01-31 23:22:00,,3.24,,,237,234,,17.59,2.75,0.5,0,0,0.3,21.14,0
,2020-01-31 22:10:00,2020-01-31 23:26:00,,22.13,,,259,45,,46.67,2.75,0.5,0,12.24,0.3,62.46,0
,2020-01-31 22:50:07,2020-01-31 23:17:57,,10.51,,,137,169,,48.85,2.75,0,0,0,0.3,51.9,0
,2020-01-31 22:25:53,2020-01-31 22:48:32,,5.49,,,50,42,,27.17,2.75,0,0,0,0.3,30.22,0
,2020-01-31 22:44:00,2020-01-31 23:06:00,,11.60,,,179,205,,54.56,2.75,0.5,0,0,0.3,58.11,0
